"group"	"condition"	"pathogen"	"ID"
"1-6"	"S-Preterm"	"sepsis"	"Staphylococcus aureus"	"SP_1"
"2-2"	"S-Preterm"	"sepsis"	"Staphylococcus aureus + Citrobacter freundii"	"SP_2"
"3-1"	"S-Preterm"	"sepsis"	"Klebsiella pneumoniae"	"SP_3"
"4-1"	"S-Preterm"	"sepsis"	"Klebsiella pneumoniae"	"SP_4"
"5-4"	"S-Preterm"	"sepsis"	"Enterobacter aerogenes"	"SP_5"
"6-1"	"S-Preterm"	"sepsis"	"Staphylococcus aureus"	"SP_6"
"7-1"	"S-Preterm"	"sepsis"	"Escherichia coli"	"SP_7"
"9-1"	"S-Preterm"	"sepsis"	"Enterobacter cloacae"	"SP_9"
"10-3"	"S-Preterm"	"sepsis"	"Staphylococcus aureus"	"SP_10"
"11-5"	"S-Preterm"	"sepsis"	"Enterococcus faecalis"	"SP_11"
"12-5"	"S-Preterm"	"sepsis"	"Enterococcus faecalis"	"SP_12"
"14-1"	"S-Preterm"	"sepsis"	"Escherichia coli"	"SP_14"
"15-7"	"S-Preterm"	"sepsis"	"Staphylococcus aureus"	"SP_15"
"16-2"	"S-Preterm"	"sepsis"	"Staphylococcus aureus"	"SP_16"
"17-2"	"S-Preterm"	"sepsis"	"Klebsiella oxytoca"	"SP_17"
"19-1"	"S-Preterm"	"sepsis"	"Escherichia coli"	"SP_19"
"21-1"	"S-Preterm"	"sepsis"	"Escherichia coli"	"SP_21"
"22-8"	"S-Preterm"	"sepsis"	"Staphylococcus aureus"	"SP_22"
"23-2"	"S-Preterm"	"sepsis"	"Staphylococcus aureus"	"SP_23"
"24-1"	"S-Preterm"	"sepsis"	"Staphylococcus aureus"	"SP_24"
"25-1"	"N-Preterm"	"healthy_preterm"	"Control"	"NP_25"
"26-1"	"N-Preterm"	"healthy_preterm"	"Control"	"NP_26"
"27-2"	"N-Preterm"	"healthy_preterm"	"Control"	"NP_27"
"28-3"	"N-Preterm"	"healthy_preterm"	"Control"	"NP_28"
"29-4"	"N-Preterm"	"healthy_preterm"	"Control"	"NP_29"
"30-1"	"N-Preterm"	"healthy_preterm"	"Control"	"NP_30"
"31-1"	"N-Preterm"	"healthy_preterm"	"Control"	"NP_31"
"33-1"	"N-Preterm"	"healthy_preterm"	"Control"	"NP_33"
"34-1"	"N-Preterm"	"healthy_preterm"	"Control"	"NP_34"
"35-1"	"N-Preterm"	"healthy_preterm"	"Control"	"NP_35"
"36-1"	"N-Preterm"	"healthy_preterm"	"Control"	"NP_36"
"37-1"	"N-Preterm"	"healthy_preterm"	"Control"	"NP_37"
"38-1"	"N-Preterm"	"healthy_preterm"	"Control"	"NP_38"
"39-1"	"N-Preterm"	"healthy_preterm"	"Control"	"NP_39"
"40-1"	"N-Preterm"	"healthy_preterm"	"Control"	"NP_40"
"42-2"	"N-Preterm"	"healthy_preterm"	"Control"	"NP_42"
"43-1"	"N-Preterm"	"healthy_preterm"	"Control"	"NP_43"
"44-1"	"N-Preterm"	"healthy_preterm"	"Control"	"NP_44"
"45-1"	"N-Preterm"	"healthy_preterm"	"Control"	"NP_45"
"46-1"	"N-Preterm"	"healthy_preterm"	"Control"	"NP_46"
"ID1_134"	"Term"	"healthy_term"	"None_healthy"	"HC_1"
"ID2_31"	"Term"	"healthy_term"	"None_healthy"	"HC_2"
"ID3_108"	"Term"	"healthy_term"	"None_healthy"	"HC_3"
"ID4_122"	"Term"	"healthy_term"	"None_healthy"	"HC_4"
"ID5_89"	"Term"	"healthy_term"	"None_healthy"	"HC_5"
"ID6_110"	"Term"	"healthy_term"	"None_healthy"	"HC_6"
"ID7_15"	"Term"	"healthy_term"	"None_healthy"	"HC_7"
"ID9_124"	"Term"	"healthy_term"	"None_healthy"	"HC_9"
"ID10_7"	"Term"	"healthy_term"	"None_healthy"	"HC_10"
"ID11_11"	"Term"	"healthy_term"	"None_healthy"	"HC_11"
"ID12_125"	"Term"	"healthy_term"	"None_healthy"	"HC_12"
