"1-6"	"10-3"	"11-5"	"12-5"	"14-1"	"15-7"	"16-2"	"17-2"	"19-1"	"2-2"	"21-1"	"22-8"	"23-2"	"24-1"	"25-1"	"26-1"	"27-2"	"28-3"	"29-4"	"3-1"	"30-1"	"31-1"	"33-1"	"34-1"	"35-1"	"36-1"	"37-1"	"38-1"	"39-1"	"4-1"	"40-1"	"42-2"	"43-1"	"44-1"	"45-1"	"46-1"	"5-4"	"6-1"	"7-1"	"9-1"	"ID1_134"	"ID10_7"	"ID11_11"	"ID12_125"	"ID2_31"	"ID3_108"	"ID4_122"	"ID5_89"	"ID6_110"	"ID7_15"	"ID9_124"
"ASV001"	0.0709521179419638	0.00739908832661689	0.304998130375172	0.0088495575221238	0.973860017090034	0	0	0.0049161364950838	0.782212282814382	0.00511209657551119	0.771256837982036	0.0046464260709057	0.0115671641791045	0.0101225359616409	0.000996949335034701	0.00333813684536946	0.00093503623265395	0	0.00603227868328528	0.713416466346154	0.496175210877738	0	0.000880254016158902	0	0	0	0.00160583238321583	0.338665635647489	0.921170593295803	0.298006405275825	0.00149548104640324	0	0.854166666666667	0.672038918200033	0.0012943978461219	0.000585384890565469	0.0089704033824705	0.00194705663034916	0.963974295960534	0.0041452408437401	0.275350185341294	0.0009144920086547	0.000544697781540653	0.166057834254784	0.00232630734013139	0.191589213848433	0.00254904847793278	0.4467758444217	0	0.176937274455249	0.00146345065553189
"ASV002"	0	0	0	0	0	0	0	0.965731636784269	0	0	0	0	0.907835820895523	0	0.984108627599546	0.788238083945934	0.976921605712222	0	0	0.137244591346154	0	0	0.00135181866767261	0.00124795721289553	0	0.00057100439673383	0.960721339906541	0	0.00274687957498822	0	0.994061423091095	0.00207334456394967	0	0	0.0114942528735632	0	0	0	0.00571605410227	0.146500157414209	0	0.0294968500830813	0.162432430832263	0	0	0	0.000616556852063139	0	0	0	0
"ASV003"	0.588562688532949	0.97139459602299	0.0297893556026424	0.887124186837016	0.0082342888215645	0	0	0	0.0051035036412638	0	0	0	0	0.0046172971053098	0	0.150489775815837	0.0139405401959326	0	0.0129833812719718	0	0.00467578132305902	0.176330225578707	0	0	0	0	0	0.00263393180774707	0	0.0539331804658037	0	0	0	0.195273468602078	0	0.564197209665355	0.928750999885728	0.97772898628775	0	0.259208731241473	0.000103929697333562	0.0603265872114569	0.00280637770054648	0.000115784293860511	0.0310818443975385	0.00186148945374453	0.0025306437957816	0.000134921373406466	0.00265603238989642	0	0.0333371374099609
"ASV004"	0	0	0	0	0	0	0.0011480495371162	0	0	0	0	0	0	0	0.002093593603573	0.00229838930336913	0.0021250823469409	0.97686620558073	0.543424416746565	0	0.00402117193783081	0.00223856731691708	0.00130466220252128	0.00102510771059274	0.00290130294877875	0.000456803517387084	0.00306713985194218	0.00215064156779348	0.00107158488914376	0	0.00338108758317255	0.00139950758066597	0.00387954607601856	0.00153117918296275	0.825049187118153	0.0028456209958047	0	0.00280873275612073	0.00171117543188973	0	0	0	0	0	0	0	0	0	0	0	0
"ASV005"	0.021583039469771	0.00218008852480669	0.00299139972578831	0.0496981773427885	0.0015536394002951	0	0	0	0.00475944721601	0.0024020694752402	0.00776659687985411	0.0029278849213926	0.00149253731343276	0.0605576274196413	0.0021932885370765	0.00824501559621314	0	0.00338659670880038	0	0.0172025240384615	0.000355359380552482	0.0341443014931982	0.355591184884781	0.905318674788293	0	0.1837063895392	0	0	0	0.00364797513691745	0	0.000207334456394947	0.00100834016953781	0.0319885205309255	0.00572123847985917	0.038879313148395	0.0013712718546451	0.000323128547164337	0.00116505561320149	0.000787071046279701	0	0.0154806163556597	0.00522791457717833	7.52597910093496e-05	0.0215239171150816	0	0.000230058526889191	0	0.000441403663650407	0	6.71307640152253e-05
"ASV006"	0.0336491481497218	0.00502080993591854	0.0113423906269475	0.0497567836839946	0.0032626427406199	0.0092120181405895	0.0106011382789028	0.0218334297281666	0.0070531567177017	0.012010347376201	0.0198554737624097	0.598752466424798	0.00358208955223875	0.0715089090155686	0.0050046856618746	0.00439612557231712	0.0034638842255137	0.0119723348437872	0.0164589325663151	0.003155048076923	0.00256232816503638	0.0463703229932843	0.00353673488635288	0.0908334571386124	0.0041145750909954	0.24093530520185	0.0341560547910009	0.00128071913587698	0.0146701480598276	0.00098542704997251	0.000845271895793063	0.0737851496695607	0.00155523653267703	0.0531887900184617	0.00331365848607222	0.0133012455689616	0.0509084676037024	0.0121463192344339	0.00285802705113495	0.00939238115227201	0.00154162384378204	0.0243505911324161	0.0238897342230064	0.0114336990187281	0.00205131254273562	0.00791788471874465	0.0389443074318107	0.000990974225365201	0.000905638551282658	0.0151235503154183	0.0691379738592806
"ASV007"	0.00522581467476739	0.00640813899715922	0.0118409572479122	0.0022270409658325	0.0078458789714907	0.0101332199546485	0	0	0.0060209874419404	0.00246366100024636	0.0053353143783345	0.0019094901661256	0	0.84970105961049	0	0	0	0.000572382542332451	0	0.0051832932692307	0	0	0	0	0	0	0	0	0	0.567549129223597	0	0	0	0	0	0	0.0022854530910753	0	0	0.003305698394375	0	0	0	0	0	0	0	0	0	0	0
"ASV008"	0.000764753367039048	0	0	0	0.0006602967451254	0.127621882086168	0.848799433303207	0	0	0	0	0.0005091973776335	0	0.0008287456342863	0	0	0	0.00062008108752678	0.0138622563119207	0	0	0	0	0	0.00102864377274885	0	0	0	0	0.00368587617730102	0	0	0.00157232704402508	0	0	0.0916777781391265	0	0	0	0	0.000161668418074442	0.0990281281006062	0.0024570606449932	0.000272093090572241	0.0807444183488422	0	0.000542938123458606	0	0.0523367757745493	0	0
"ASV009"	0	0	0	0	0	0	0	0	0	0.907119980290712	0	0	0	0	0	0	0	0	0	0	0	0	0	0	0	0	0	0	0	0	0	0	0	0	0	0	0	0	0	0.12026445587155	0	0.0162277503496587	0.00382472572690509	0	0.195328061361002	0	0	0	0	0	0
"ASV010"	0.00726515698687172	0	0	0	0	0	0	0	0.0306783645851253	0	0	0	0	0	0	0	0	0	0	0	0.0172442815194419	0	0	0	0	0	0	0	0	0.0147814057495878	0	0.0292082415446417	0	0	0.0755669462566015	0	0	0	0.0128702237270858	0	0	0.381785470933499	0.314918206523348	0.0534170839725591	0.000862145851294698	0.00558446836123379	0.0062667942724629	0.00268447008467478	0.00503809009200983	0.0544819701936586	0.113108624289253
"ASV011"	0	0	0.00511030786488835	0	0	0.849773242630385	0.0004641051320256	0	0	0	0	0	0	0	0	0	0	0	0.000639181847235501	0	0	0.000393594253523871	0	0	0	0	0	0	0	0	0	0.0559803032266425	0.000290538692917653	0	0.07512685098892	0.00242284301928513	0	0	0	0	0.000144346801852248	0.000412417964687368	0.0177204397842523	0	0.000795255224901077	0.0274635239830631	5.52140464534178e-05	0.000265190285661112	0.0567812540430293	3.44343131043222e-05	0.020401039184227
"ASV012"	0	0	0	0	0	0	0	0	0.0019496530764378	0	0	0	0	0	0.0021534105636751	0	0	0	0	0	0	0	0	0	0	0.000157026209101738	0	0	0	0	0	0.000492419333937987	0	0	0	0.00884581612410156	0	0	0	0	0.000127025185629954	0.0447383835606614	0.0593069312792702	0.0446869482154745	0.172295389006154	0.0167665141643617	0.0104998711672249	0.000758351167767751	0.522926354081843	0.0661827497865073	0.158502446916348
"ASV013"	0	0	0	0	0	0	0	0	0	0	0	0	0	0	0	0	0	0	0	0	0	0	0	0	0	0.501142008793467	0	0	0	0	0	0	0	0	0.000129439784612109	0	0	0.000397696673433015	0	0	0.000242502627111712	0.156981817747122	0.344355569238785	0.00020841172894894	9.66197936795792e-05	0.00225476187354976	0.00182206353296274	0.000842095468502764	0.0012100548710416	0.0117214401807113	4.69915348106577e-05
"ASV014"	0	0	0	0	0	0	0	0	0	0	0	0	0	0	0	0	0	0	0	0	0	0	0	0	0	0	0	0.643210980354252	0	0	0.000216736383536691	0	0.000461443806398596	0.000183741501955534	0	0	0	0.000231989726169175	0	0	0	0.00134484118919814	0.000988744886057467	0.276701305467913	0.000393911466539748	0.00429977845653684	0.000533735782383015	0	0.000106545711915536	0.068785983857194	0.00103381376583447
"ASV015"	0.00951693078982022	0	0.0366446466409076	0	0	0	0	0	0.153907907563507	0	0	0	0	0	0	0	0	0	0	0	0.457852507153946	0	0	0	0	0	0	0	0	0	0	0	0	0	0	0	0	0	0	0	0	0	0	0.000879960633340025	0.000668906263935514	0	5.52140464534178e-05	0.22193170187029	0	0.0375334012837112	0.00137618066231206
"ASV016"	0	0	0	0	0	0	0	0	0	0	0	0	0	0	0	0	0	0	0	0	0	0	0	0	0.884528142638603	0	0	0	0	0	0	0	0	0	0	0	0	0	0	0	0	0	0	0	0	0	0	0	0	0	0
"ASV017"	0	0	0	0	0	0	0	0	0	0	0	0	0	0	0	0	0	0	0	0	0	0.00396054217608414	0	0	0	0	0	0	0.00172057292059698	0	0	0.575923286251134	0	0.00307985755658793	0	0	0	5.79974315423175e-05	0	0	0	0.00149426798799795	0	0.000399455813818844	0.193811873829414	0.0106314644154005	0.0193709279640741	0.000176793523774074	0.001940654038463	0.0011776535081678	0.0132918912750147
"ASV018"	0	0	0	0	0	0	0	0	0	0.0370165065287016	0.0628081312892551	0	0	0	0	0.00507104941536995	0	0	0	0.0640775240384615	0	0.557034267299697	0	0	0	0	0	0	0	0.0248725577517103	0	0	0	0	0	0.000308953136687364	0	0	0	0	0	0.000107587295135835	9.47300489635942e-05	0.000121573508553557	0.000111484377322502	0	0.000138035116133474	0	0.000372909991704577	0	0.000261809979659373
"ASV019"	0	0	0	0	0	0	0	0	0	0	0	0	0	0	0	0	0	0	0	0	0	0	0	0	0	0	0	0	0	0	0	0	0	0	0	0	0	0	0	0	0	0.000221151662223695	8.88094209033695e-05	0	0	0	0.613336032686716	0	0.000639274271493617	0	0
"ASV020"	0	0	0.02530225601396	0	0	0	0	0	0	0	0	0	0	0	0	0	0	0	0	0	0	0	0	0	0	0	0	0	0	0	0	0	0	0	0	0	0	0	0	0	0	0	0	0.00657654789127846	0	0.301889018523131	0.250101225751832	0.00381967060575039	0	0.0025068179939946	0
"ASV021"	0	0	0.00411317462295895	0	0	0	0	0	0	0	0	0	0	0	0	0	0	0	0	0	0	0	0	0	0	0	0	0	0.00187150036977223	0	0	0.035013606323701	0.00160650806672126	0	0	0.266382646590133	0	0	0	0.166491761989716	0	0.00142254312457406	0.000698634111106466	0	0.00642893242560273	0	0	0	0.0486913903454364	0	0.000389358431288255
"ASV022"	0	0	0	0	0	0	0	0	0	0	0	0	0	0	0	0	0	0	0	0	0.000168328127630065	0	0.511962023326732	0	0	0	0	0	0	0	0	0	0	0	0	0	0	0	0	0	0	0	0	0.00352563174805335	0	0	0	0.00187494184423557	0	0	0
"ASV023"	0	0	0	0	0	0	0	0	0.0043007053156717	0	0	0	0	0	0	0	0	0	0	0	0	0	0	0	0	0	0	0	0	0	0	0	0	0	0	0	0	0	0	0	6.35125928149937e-05	0	0	0	0.106950679311472	0.002726688777316	0	0.000376849353307863	0	0	0.404066781684043
"ASV024"	0	0	0	0	0	0	0	0	0	0	0	0	0	0	0	0	0	0	0	0	0	0	0	0	0	0	0	0	0	0	0	0	0	0	0.00038831935383653	0	0	0	0	0	0	0	0	0	0.000141213544608523	0.274910530524494	0	0	0	0.202921407123771	0
"ASV025"	0	0	0	0	0	0	0	0	0	0	0	0	0	0	0	0	0	0	0	0	0	0	0	0	0	0	0	0	0	0	0	0	0	0	0	0	0	0	0	0	0.263554164693928	0.000149426798799703	5.32856525420217e-05	8.68382203954033e-05	0.000126348960965563	0.0289710682589831	0.000156439798284658	0	0.170511191104955	9.64160766921023e-05	0
"ASV026"	0.00407868462420867	0	0	0	0	0	0	0	0	0	0	0.383361975685825	0	0	0	0	0	0	0	0	0	0	0	0	0	0	0	0	0	0	0	0	0	0.0104207680394782	0	0	0	0	0	0	0	0	0	0	0	0	0	0	0	0	0
"ASV027"	0.0121085949781195	0	0.00884955752212391	0	0	0	0	0	0	0	0	0	0.0366417910447761	0	0	0	0	0	0	0	0	0	0	0	0	0	0	0	0	0	0	0	0	0	0	0	0	0	0	0	0.245741769345358	0	0	0	6.68906263935549e-05	0	0	0.00156787940820685	0	0.0006749125368447	0
"ASV028"	0	0	0	0	0	0	0	0	0	0	0	0	0	0	0.000857376428129901	0.000528994363473781	0	0	0.000878875039948748	0	0	0	0	0	0	0	0	0	0	0	0	0.211843980821562	0	0	0	0.000178867605450527	0	0	0	0	0	0	0.000177618841806646	0.000109995079167465	0.000535125011148371	0.000616126791028137	0.00251223911363041	0.000739741323159857	0.000951300999246545	0.0036156028759538	0.0594308653826789
"ASV029"	0	0	0	0	0	0	0	0	0	0	0	0	0	0	0	0	0.000318762352041081	0	0	0	0	0	0	0	0	0	0	0	0	0	0	0	0	0	0	0	0	0	0	0.153898625249239	0	0.00922859909387586	0	0	0	0	0	0	0.109422446137338	0	0
"ASV031"	0	0	0	0	0	0	0.000293119030753	0	0	0	0	0	0	0	0.0002193288537076	0.000547235548421212	0.000807531291837498	0.00567612687813018	0.284795461808884	0	0.000243140628799072	0.00223856731691708	0.000204344682322599	0.000401129104144971	0.00791264440576039	0.000328327528121907	0.000449633067300376	0.000676606335935044	0.000377318622937926	0	0	0	0.000922887612797292	0.00040248138523584	0.000362431396914108	0	0	0.000488835494428077	0.000473303842863029	0	0	0	0	0	0	0	0	0	0	0	0
"ASV032"	0	0	0	0	0	0	0	0	0	0	0	0	0	0	0	0	0	0	0	0	0	0	0	0	0	0	0	0	0	0	0	0.000155500842296185	0	0	0	0	0	0.000190562989353265	0	0	0.0439449403559015	0.000974262728174643	0.00062166594632356	0.079231192288766	0.00988494812260311	0.00461439639238097	0	0	5.32728559578079e-05	0.0638894245337594	0
"ASV033"	0	0	0	0	0	0	0	0	0	0	0	0	0	0	0	0	0	0.000906272358693056	0	0	0	0.112420358662764	0	0	0	0	0	0	0	0.00837612992476638	0	0	0	0.0259687989430489	0	0	0	0	0	0	0	0	0	0	0.0114903231560484	0	0	0	0	0	0
"ASV034"	0	0	0	0	0	0	0	0	0	0	0	0	0	0	0	0	0	0	0	0	0	0	0	0	0	0	0	0.0113814851509074	0	0	0	0	0	0	0	0	0	0	0	0	0	0	0.000106571305083947	0	0.00227428129738083	0.0999567400338216	0.0150642323407075	0	0	0.0044075920773532	0.0194947738700214
"ASV035"	0	0	0	0	0	0	0	0	0	0	0	0	0	0	0	0	0	0	0	0	0	0	0	0	0	0	0	0	0	0	0	0	0.13453650533224	0	0	0	0	0	0	0	0	0	0	0	0	0	0	0	0	0	0
"ASV036"	0	0	0	0	0	0	0	0	0	0	0.130411291956507	0	0	0	0	0	0	0	0	0	0	0	0	0	0	0	0	0	0	0	0	0	0	0	0	0	0	0	0	0	0	0	0	0	0	0	0	0	0	0	0
"ASV037"	0	0	0	0	0	0	0	0	0	0	0	0	0	0	0	0	0	0	0	0	0	0	0.123801439844069	0	0	0	0	0	0	0	0	0	0	0	0	0	0	0	0	0	0	0.00028689945369556	0.000183539469866954	0.000243147017107114	0.00225941671373777	0.000720999436309479	0	0.000386154275611708	0	0	0
"ASV038"	0.0601605982070783	0	0.083634550666833	0	0	0	0	0	0	0	0	0	0	0	0	0	0	0	0	0	0	0	0	0	0	0	0	0	0	0	0	0	0	0	0	0	0	0	0	0	0	0	0	0	0	0	0	0	0	0	0
"ASV039"	0	0	0	0	0	0	0	0	0	0	0	0	0	0	0	0	0	0	0	0	0	0	0	0	0	0	0	0	0	0	0	0	0	0	0	0	0	0	0	0	0.118705035971223	0	0	0	0	0	0	0	0	0	0
"ASV040"	0	0	0	0	0	0	0	0	0	0	0	0	0	0	0	0	0	0	0	0	0	0	0	0	0.0994619401804084	0	0	0	0	0	0	0	0	0	0	0	0	0	0	0	0	0	0	0	0	0	0	0	0	0	0
"ASV041"	0	0	0	0	0	0	0	0	0	0	0	0	0	0	0	0	0	0	0	0	0	0	0	0	0	0	0	0	0	0	0	0	0	0	0	0	0	0	0	0.0967572672893274	0	0	0	0	0	0	0	0	0	0	0
"ASV042"	0	0	0	0	0	0	0.0945797405896578	0	0	0	0	0	0	0	0	0	0	0	0	0	0	0	0	0	0	0	0	0	0	0	0	0	0	0	0	0	0	0	0	0	0	0	0	0	0	0	0	0	0	0	0
"ASV043"	0	0	0	0	0	0	0	0	0	0	0	0	0	0	0	0	0	0	0	0	0	0	0	0	0	0	0	0	0	0	0	0	0	0	0	0	0	0	0	0	0	0	0	0	0	0	0	0.096715362426724	0	0	0
"ASV044"	0	0	0	0	0	0	0	0	0	0	0	0	0	0	0	0	0	0	0	0	0	0	0	0	0	0	0	0	0	0	0	0	0	0	0	0	0	0	0	0	0	0	0	0.0250846672648855	0	0	0	0	0	0.0648053772623344	0.000281949208863902
"ASV045"	0	0	0.00934812414308855	0	0	0	0	0	0	0	0	0	0	0	0	0	0	0	0	0	0	0	0	0	0	0	0	0	0	0	0	0	0	0	0	0	0	0	0	0	0	6.57477914719139e-05	0	0	0.000267562505574186	0.000275290693863574	0	0.0844375174467296	0	0	0
"ASV046"	0	0	0	0	0	0	0	0	0	0	0	0	0	0	0	0	0	0	0	0	0.00736903136514105	0	0	0	0	0	0	0	0	0	0	0	0	0	0	0	0	0	0	0	0	0	0	0.0783280747966538	0	7.86544839610399e-05	0	0.00110263329301195	0	0	0
"ASV047"	0	0	0	0	0	0	0	0	0	0	0	0	0	0	0	0	0	0	0	0	0	0	0	0	0	0	0	0	0	0	0	0	0	0	0	0	0	0	0	0	0	0	0	0.0844935884447275	0	0	0	0	0	0	0
"ASV048"	0.000467349279857179	0	0	0	0	0	0	0	0	0	0	0	0	0	0	0	0	0	0	0	0	0	0	0	0	0	0	0	0	0	0	0	0	0	0	0	0	0	0	0	0	0.0117090839539527	0.0112136695460655	0.00250672996208063	0.00297291672860236	0	0.00936798321492988	0.00168884339815755	0.00340946278129966	0.0157295942260544	0.0196558877036579
"ASV049"	0	0	0	0	0	0	0	0	0	0	0	0	0	0	0	0	0	0	0	0	0	0	0	0	0	0	0	0	0	0	0	0	0	0	0	0	0	0	0	0	0.000184763906370833	0	0	0	0	0	0	0	0	0.0772843723313407	0
"ASV050"	0	0	0	0	0	0	0	0	0	0	0	0	0	0	0	0	0	0	0	0	0	0	0	0	0	0	0	0	0	0	0	0.0121031488920565	0	0.0010762002257395	0	0	0	0	0	0	0	0	0	0	0.0581725480869282	0	0.00585268892406228	0	0	0	0
"ASV051"	0.0150401495517696	0	0.0670572105197559	0	0	0	0	0	0	0	0	0.0035007319712303	0	0	0	0	0	0	0.00343560242889102	0	0	0	0	0	5.27509627050694e-05	0	0	0	0	0	0	0	0	0	0	0	0	0	0	0	0	0	0	0	0	0	0	0	0	0	0
"ASV052"	0.0353061137783066	0	0.0443724292658608	0	0	0	0	0	0	0	0	0	0	0	0	0	0	0	0	0	0	0	0	0	0	0	0	0	0	0	0	0	0	0	0	0	0	0	0	0	0	0	0	0	0	0	0	0.000628082255513105	0.00079148243137314	0	0
"ASV053"	0.00484343799124782	0	0.00797706593543565	0	0	0	0	0	0	0	0	0	0.0305970149253731	0	0	0	0	0	0	0	0	0	0	0	0	0	0	0	0	0	0	0	0	8.74959533121593e-05	0	0	0	0	0.000236651921431514	0	0	0.000334716029311555	0.000236825122408927	0.0184560164413698	7.4322918215061e-05	6.55454033008666e-05	0	0.00399181166837254	0	0	3.35653820076127e-05
"ASV054"	0.00322895866083181	0.00317103785426437	0.0110931073164651	0.0023442536482447	0.0045832362308708	0.0032596371882086	0	0.0028918449971081	0.0040139916279603	0.00258684405025867	0.0021611400013507	0.0038189803322512	0.00552238805970144	0.0026638252530634	0	0	0	0	0	0.0024038461538461	0	0	0	0	0	0	0	0	0	0.0021224582614792	0	0	0	0	0	0	0.0077134041823791	0	0	0.0019414419141567	0	0	0	0	0	0	0	0	0	0	0
"ASV055"	0	0	0	0	0	0	0	0	0	0	0	0	0	0	0	0	0	0	0	0	0	0	0	0	0	0	0	0	0	0	0	0	0	0	0	0	0	0	0	0	0.00218252364400611	0.0524009898031153	0.00275901267606461	0.000411034243204834	0.000750661473972096	0.000393272419805134	0.000165642139360249	0.000683911789336481	0.000966521815234507	0.0012396352717556	0.000275236132462392
"ASV056"	0	0	0	0	0	0	0	0	0	0	0	0	0	0	0	0	0	0	0	0	0	0	0	0	0	0	0	0	0	0	0	0	0	0	0	0	0	0	0	0	0	0	0	0.0621356413002576	0	0	0	0	0	0	0
"ASV057"	0	0	0	0	0	0	0	0	0	0	0	0	0	0	0	0	0	0	0	0	0	0	0	0	0	0	0	0	0	0	0	0	0	0	0	0	0	0	0	0	0	0	0	0.0242568095637826	0	0	0	0	0	0.0365485799289276	0
"ASV058"	0	0	0	0	0	0	0	0	0	0	0.0004052137502532	0	0	0	0	0	0	0	0.0736657078938959	0	0	0	0	5.94265339474075e-05	0	0.00401130588705524	0	0	0	0	0	0	0	0.00025373826460518	0	0	0	0	0	0	0	0	0	0	0	0	0	0	4.56624479638353e-05	0	0
"ASV059"	0	0	0	0	0	0	0	0	0	0	0	0	0	0	0	0	0	0	0	0	0	0.0586701434159062	0	0	0	0	0	0	0	0	0	0	0	0	0	0	0	0	0	0	0	0	0	0	0	0	0	0	0	0	0
"ASV060"	0	0	0	0	0	0	0	0	0	0	0	0	0	0	0	0	0	0	0	0	0	0	0	0	0	0	0	0	0.0563714022669303	0	0	0	0	0	0	0	0	0	0	0	0	0	0	0	0	0	0	0	0	0	0
"ASV061"	0	0	0	0	0	0	0	0	0	0	0	0	0	0	0	0	0	0	0	0	0	0	0	0	0	0	0	0	0	0	0	0	0	0	0	0	0	0	0	0	0	0	0	1.15784293860537e-05	0.0555638136575795	0.000340836097164463	0	0	0.000479455703620213	0	0
"ASV062"	0	0	0.0643150941044499	0	0	0	0	0	0	0	0	0	0	0	0	0	0	0	0	0	0	0	0	0	0	0	0	0	0	0	0	0	0	0	0	0	0	0	0	0	0	0	0	0	0	0	0	0	0	0	0
"ASV063"	0.00135956154140289	0	0.00236819144958242	0	0	0	0	0	0	0	0	0	0	0	0	0	0	0	0	0	0	0	0	0	0	0	0	0	0	0	0	0	0	0	0	0	0	0	0	0	0.00821621996143053	0	0	0.0210264277650737	0	0	0	0.00125616451102631	0	0.0119349329219581	0
"ASV064"	0.0467349279857246	0	0	0	0	0	0	0	0	0	0	0	0	0	0	0	0	0	0	0	0	0	0	0	0	0	0	0	0	0	0	0	0	0	0	0	0	0	0	0	0	0	0	0	0	0	0	0	0	0	0
"ASV065"	0	0	0	0	0	0	0	0	0	0	0	0	0	0	0	0	0	0	0	0	0	0	0	0	0	0	0	0	0	0	0	0	0	0	0	0	0	0	0	0	2.30954882963614e-05	0	0	0	0	0	0.000220856185813599	0.0459430538755003	0	0	0.000194679215644077
"ASV066"	0	0	0	0	0	0	0	0	0	0	0	0	0	0	0	0	0	0	0	0	0	0	0	0	0	0	0	0	0	0	0	0	0	0	0	0	0	0	0	0	0	0	0.00518647018075677	0	0	0	0	1.39573834558481e-05	0	0	0.0382779616414815
"ASV067"	0	0	0.0517262869250905	0	0	0	0	0	0	0	0	0	0	0	0	0	0	0	0	0	0	0	0	0	0	0	0	0	0	0	0	0	0	0	0	0	0	0	0	0	0	0	0	0	0	0	0	0	0	0	0
"ASV068"	0	0	0	0	0	0	0	0	0	0	0	0	0	0	0	0	0	0	0	0	0	0	0	0	0	0	0	0	0	0	0	0	0	0	0	0	0	0	0	0	0	0	0	0	0.000185807295537604	0	0	0.0444775286126362	0	0	0
"ASV069"	0	0	0	0	0	0	0	0	0	0.0206947524020695	0	0	0	0	0	0	0	0	0	0	0	0	0	0	0	0	0	0	0	0	0	0	0	0	0	0	0	0	0	0	0	0.000448280396399313	0.0197156914405481	0	0	0	0	4.18721503675445e-05	0	0	0
"ASV070"	0.00887963631728763	0	0.0322821887074661	0	0	0	0	0	0	0	0	0	0	0	0	0	0	0	0	0	0	0	0	0	0	0	0	0	0	0	0	0	0	0	0	0	0	0	0	0	0	0	0	0	0	0	0	0.00326137526751643	0	0	0
"ASV071"	0	0	0	0	0	0	0	0	0	0	0	0	0	0	0	0	0	0	0	0	0	0	0	0	0	0	0	0	0	0	0	0	0	0	0	0	0	0	0	0	0.0363811679388431	0	0	0	0	0	0	0.000116311528798674	0.000456624479638269	9.64160766921023e-05	0
"ASV072"	0	0	0	0	0	0	0	0	0	0	0	0	0	0	0	0	0	0	0	0.0368840144230769	0	0	0	0	0	0	0	0	0	0	0	0	0	0	0	0	0	0	0	0	0	0	0	0	0	0	0	0	0	0	0
"ASV073"	0	0	0	0	0	0	0	0	0	0	0	0	0	0	0	0	0	0	0	0	0	0	0	0	0	0.024153485981842	0	0	0	0	0	0	0	0	0	0.0103743211161339	0	0	0	0	0	0.000191266302463673	0	0	0.000289859381038726	0.00065545403300859	0	0.000437331348283161	0.000418572439668464	0	0
"ASV074"	0	0	0	0	0	0	0	0	0	0	0	0	0	0	0	0	0	0	0	0	0	0	0	0	0	0	0	0	0	0	0	0	0	0	0	0	0	0	0	0	0.00013857292977815	0.0192999653329827	0.0149199827117661	0.000272093090572241	0.000156078128251583	0	0.000156439798284658	0	0.000433793255656426	0.0002479270543511	0.000523619959318747
"ASV075"	0	0	0	0	0	0	0	0	0	0	0	0	0	0	0	0	0	0	0.00802972195589642	0	0	0	0	0	0	0	0	0	0	0	0	0	0	0	0	0	0	0	0	0	0	0.0286182205061384	0	0	0	0	0	0	0	0	0
"ASV077"	0	0	0	0	0	0	0.0295805955201641	0	0	0	0	0	0	0	0	0	0	0	0	0	0	0	0	0	0	0	0	0	0	0	0	0	0	0	0	0	0	0	0	0	0	0	0	0	0	0	0	0	0	0	0
"ASV079"	0	0	0	0	0	0	0	0	0	0	0	0	0	0	0	0	0	0	0	0	0	0	0	0	0	0	0	0	0	0	0	0	0	0	0	0	0	0	0	0	0	0	0.00344580553105066	0	0	0	0	0	0	0	0.0245027288655572
"ASV080"	0.0107490334367167	0	0.0196933815281067	0	0	0	0	0	0	0	0	0	0	0	0	0	0	0	0	0	0	0	0	0	0	0	0	0	0	0	0	0	0	0	0	0	0	0	0	0	0	0	0	0	0.000193239587359084	0	0	0.000818833162743049	0	0	0
"ASV081"	0	0	0	0	0	0	0	0	0	0	0	0	0	0	0	0	0	0	0	0	0	0	0	0	0	0	0	0	0	0	0	0	0	0	0	0	0	0	0	0	0	0	0	0.0257620053839697	0	0	0.000763794309272205	0	0	0	0
"ASV082"	0	0	0	0	0	0	0	0	0	0	0	0	0	0	0	0	0	0	0.0314397571108981	0	0	0	0	0	0	0	0	0	0	0	0	0	0	0	0	0	0	0	0	0	0	0	0	0	0	0	0	0	0	0	0
"ASV083"	0	0	0	0	0	0	0	0	0	0	0	0	0	0	0	0	0	0	0	0	0	0	0	0	0	0	0	0	0	0	0	0	0	0	0	0	0	0	0	0	0	0	0	0	0.021940125457086	0	0	0	0	0	0
"ASV084"	0	0	0	0	0	0	0	0	0	0	0	0	0	0	0	0	0	0	0	0	0	0	0	0	0	0	0	0	0	0	0	0	0	0	0	0	0	0	0	0	0	0	0	1.73676440790807e-05	0	9.17635646212133e-05	0.000579747487760873	0.000893272541174217	0	0.0195793504311176	0.000322227667273059
"ASV085"	0.00556570506011811	0	0.0142091486974948	0	0	0	0	0	0	0	0	0	0	0	0	0	0	0	0	0	0	0	0	0	0	0	0	0	0	0	0	0	0	0	0	0	0	0	0	0	6.9286464889084e-05	0	0	0.000277882305265287	0	0.00127158082403673	0.000423307689476115	0.00130268912254574	0.000281585095776903	0	0
"ASV086"	0	0	0.00149569986289415	0	0	0	0	0	0	0	0	0	0	0	0	0	0	0	0	0	0	0	0	0	0	0	0	0	0	0.0189031438912998	0	0	0	0	0	0	0	0	0	0	0	0	0	0	0	0	0.000248463209040374	0	0	0	0
"ASV087"	0	0	0	0	0	0	0	0	0	0	0	0	0	0	0	0	0	0	0	0.0202073317307692	0	0	0	0	0	0	0	0	0	0	0	0	0	0	0	0	0	0	0	0	0	0	0	0	0	0	0	0	0	0	0
"ASV088"	0	0	0	0	0	0	0	0	0	0	0	0	0	0	0	0	0	0	0	0	0	0	0	0	0	0	0	0	0	0	0	0	0	0	0	0	0	0	0	0.0202014901878476	0	0	0	0	0	0	0	0	0	0	0
"ASV089"	0	0	0	0	0	0	0	0	0	0	0	0	0	0	0	0	0	0	0	0	0	0	0	0	0	0	0	0	0	0	0	0	0	0	0	0	0	0	0	0	0	0	0	0	0	0	0	0	0	0.0200338833640947	0
"ASV090"	0	0	0	0	0	0	0	0	0	0	0	0	0	0	0	0.0198828915926379	0	0	0	0	0	0	0	0	0	0	0	0	0	0	0	0	0	0	0	0	0	0	0	0	0	0	0	0	0	0	0	0	0	0	0
"ASV092"	0	0	0	0	0	0	0	0	0	0	0	0	0	0	0	0	0	0	0	0	0	0	0	0	0	0.0185861931136869	0	0	0	0	0	0	0	0	0	0	0	0	0	0	0	0	0	0	0	0	0	0	0	0	0
"ASV093"	0	0	0	0	0	0	0	0	0	0	0	0	0	0	0.0023727394173828	0.00222542456357961	0.00148755764285864	0	0	0	0	0.00145137880986934	0.00136753748938978	0.00103996434407958	0	0	0	0	0	0	0	0.00181417649345596	0	0.00166242311293097	0.00155327741534632	0	0	0.00349641658726542	0	0	0	0	0	0	0	0	0	0	0	0	0
"ASV095"	0	0	0	0	0	0	0	0	0	0	0	0	0	0	0	0	0	0	0	0	0	0	0	0	0	0	0	0	0	0	0	0	0	0	0	0	0	0	0	0.0171056774058138	0	0	0	0	0	0	0	0	0	0	0
"ASV096"	0	0	0	0	0	0	0	0	0	0	0	0	0	0	0	0	0	0	0	0	0	0	0	0	0	0	0	0	0	0	0	0	0	0	0	0	0	0	0	0	0	0	0	0	0	0	0	0.000223318135293503	0	0.0154885540343241	6.71307640152253e-05
"ASV097"	0.00756256107405359	0	0.00884955752212391	0	0	0	0	0	0	0	0	0	0	0	0	0	0	0	0	0	0	0	0	0	0	0	0	0	0	0	0	0	0	0	0	0	0	0	0	0	0	0	0	0	0	0	0	0.000353587047548149	0	0	0
"ASV098"	0	0	0	0	0	0	0	0	0	0	0	0	0	0	0	0.01306068842232	0	0	0	0	0	0	0	0	0	0	0	0	0	0.000720119767287522	0	0	0	0	0	0	0	0	0	0	0	2.39082878079687e-05	2.36825122408985e-05	0	0	0	0	0	0	0	0
"ASV100"	0	0	0	0	0	0	0.012848384181343	0	0	0	0	0	0	0	0	0	0	0	0	0	0	0	0	0	0	7.13755495917319e-05	0	0	0	0	0	0	0	0	0	0	0	0	0	0	0	0	0	0	0	0	0	0	0	0	0
"ASV102"	0	0	0	0	0	0	0	0	0	0	0	0	0	0	0	0	0	0	0	0	0	0	0	0	0	0	0	0	0	0	0	0	0	0	0	0	0	0	0	0	0	0	0	0.0121457724259704	0	0	0	0	0	0	0
"ASV103"	0	0	0	0	0	0	0	0	0	0	0	0	0	0	0	5.47235548421227e-05	0	0	0	0	0	0	0	0	0	0	0	0	0	0	0	0	0	0	0	0	0	0	0	0	0	0	0.000183539469866954	0	8.1755210036567e-05	0.00023596345188302	0.000552140464534098	6.51344561272915e-05	4.56624479638353e-05	0	0.0105999476380041
"ASV104"	0	0	0	0	0	0	0	0	0	0	0	0	0	0	0	0	0	0	0	0	0	0	0	0	0	0	0	0	0	0	0	0	0	0	0	0	0	0	0	0	0	0	0	0	0	0	0.011696175507049	0	0	0	0
"ASV105"	0	0	0.0127134488346006	0	0	0	0	0	0	0	0	0	0	0	0	0	0	0	0	0	0	0	0	0	0	0	0	0	0	0	0	0	0	0	0	0	0	0	0	0	0	0	0	0	0	0	0	0.000153531218014258	0	0	0
"ASV106"	0	0	0	0	0	0	0	0	0	0.0105937423010594	0	0	0	0	0	0	0	0	0	0	0	0	0	0	0	0	0	0	0	0	0	0	0	0	0	0	0	0	0	0	0	0	0	0	0	0	0	0	0	0	0
"ASV107"	0	0	0	0	0	0	0	0	0	0	0	0	0	0	0	0	0	0	0	0	0	0	0	0	0	0	0	0	0	0	0	0	0	0	0	0	0	0	0	0	0	0	0	0	0	0	0	0	0.010525194255664	0	0
"ASV108"	0.0030590134681565	0	0.00872491586688266	0	0	0	0	0	0	0	0	0	0	0	0	0	0	0	0	0	0	0	0	0	0	0	0	0	0	0	0	0	0	0	0	0	0	0	0	0	0	0	0	0	0	0	0	0.00015818367916618	0	0	0
"ASV109"	0	0	0.0122148822136359	0	0	0	0	0	0	0	0	0	0	0	0	0	0	0	0	0	0	0	0	0	0	0	0	0	0	0	0	0	0	0	0	0	0	0	0	0	0	0	0	0	0	0	0	0	0	0	0
"ASV110"	0	0	0	0	0	0	0	0	0	0	0	0	0	0	0	0	0	0	0	0	0.00933285952082588	0	0	0	0	0	0	0	0	0	0	0	0	0	0	0	0	0	0	0	0	0	0	0	0	0	0	0	0	0.0007368943004324	0
"ASV111"	0	0	0	0	0	0	0	0	0	0	0	0	0	0	0	0	0	0	0	0	0	0	0	0	0	0	0	0	0	0	0	0	0	0	0	0	0	0	0	0	0	0.00941986539633963	0.000515094641239512	0	0	0	0	0	0	0	0
"ASV113"	0	0.00442624033824397	0	0	0	0	0	0	0	0	0	0	0	0	0	0	0	0	0	0	0	0	0	0	0	0.001855764289385	0	0	0	0	0	0	0	0.00284361848264509	0	0	0	0	0.000127427957693846	0	0	0	0	0	0	6.55454033008666e-05	0	0	3.04416319758902e-05	0	0
"ASV114"	0	0	0	0	0	0	0	0	0	0	0	0	0	0	0	0	0	0	0	0	0	0	0	0	0	0	0	0	0	0	0	0	0	0	0	0	0	0	0	0	0	0	0	0	0.00813835954454917	0	0	0	0.00108828834313801	0	0
"ASV115"	0	0	0	0	0	0	0	0	0	0	0	0	0	0	0	0	0	0	0	0	0	0	0	0	0	0	0	0	0	0	0	0	0	0	0	0	0	0	0	0	0	0.00872652504990853	0.000509174013179304	0	0	0	0	0	0	0	0
"ASV116"	0.00246420529379266	0	0.00772778262495327	0	0	0	0	0	0	0	0	0	0	0	0	0	0	0	0	0	0	0	0	0	0	0	0	0	0	0	0	0	0	0	0	0	0	0	0	0	0	0	0	0	0	0	0	0.000339629664092279	0	0	0
"ASV117"	0.00943195819348262	0	0	0	0	0	0	0	0	0	0	0	0	0	0	0	0	0	0	0	0	0	0	0	0	0	0	0	0	0	0	0	0	0	0	0	0	0	0	0	0	0	0	0	0	0	0	0	0	0	0
"ASV118"	0	0	0	0	0	0	0	0	0	0	0	0	0	0	0	0	0	0	0	0	0	0	0	0	0	0	0	0	0	0	0	0	0	0	0	0	0	0	0	0	0	0.00861893775477269	0.000526935897359929	0	0	0	0	0	0	0	0
"ASV119"	0	0	0	0	0	0	0	0	0	0	0	0	0	0	0	0	0	0	0	0	0	0	0	0	0	0	0	0	0	0	0	0	0	0	0	0	0	0	0.00875612109296773	0	0	0.000203220446367722	0	0	0	0	0	0	0	0	0
"ASV122"	0	0	0	0	0	0	0	0	0	0	0	0	0	0	0	0	0	0	0	0	0	0	0	0	0	0	0	0	0	0	0	0	0	0	0	0	0	0	0	0	0.0002771458595563	0.00823042807789312	0	0	0	0	0	0	0	0	0
"ASV123"	0.00131707524323404	0	0.0052349495201296	0	0	0	0	0	0	0	0	0	0	0	0	0	0	0	0	0	0	0	0	0	0	0	0	0	0	0	0	0	0	0	0	0	0	0	0	0	0	0	0	0	0	0	6.44163875289874e-05	0.00101423653112492	0	0.0016115258532822	0.000107409222424353
"ASV124"	0	0	0	0	0	0	0	0	0	0	0	0	0	0	0	0	0	0	0	0	0	0	0	0	0	0	0	0	0	0	0	0	0	0	0	0	0	0	0	0	0	0	0	0	0	0	0	0	0	0.0082986694581416	0
"ASV125"	0	0	0	0	0	0	0	0	0	0	0	0	0	0	0	0	0	0	0	0	0	0	0	0	0	0.00827956375264084	0	0	0	0	0	0	0	0	0	0	0	0	0	0	0	0	0	0	0	0	0	0	0	0	0
"ASV126"	0	0	0	0	0	0	0	0	0	0	0	0	0	0	0	0	0	0	0	0	0	0	0	0	0	0.00710900473933642	0	0	0	0	0	0	0	0	0	0	0	0	0	0	0	0	0	0	0	0.00106183553347404	0	0	0	0	0
"ASV127"	0	0	0	0	0	0	0	0	0	0	0	0	0	0	0	0	0	0	0	0	0	0	0	0	0	0	0	0	0	0	0	0	0	0	0	0	0	0	0	0	0	0	0	0	0.00811606266908463	0	0	0	0	0	0
"ASV129"	0	0	0	0	0	0	0	0	0	0	0	0	0	0	0	0	0	0	0	0	0	0	0	0	0	0	0	0	0	0	0	0	0	0	0	0	0	0	0	0	0	0	0	0	8.91875018580732e-05	0.000104872645281342	0	0.00783939704103468	0	0	4.02784584091352e-05
"ASV132"	0	0	0.00822634924591791	0	0	0	0	0	0	0	0	0	0	0	0	0	0	0	0	0	0	0	0	0	0	0	0	0	0	0	0	0	0	0	0	0	0	0	0	0	0	0	0	0	0	0	0	0	0	0	0
"ASV134"	0	0	0.0078524242801944	0	0	0	0	0	0	0	0	0	0	0	0	0	0	0	0	0	0	0	0	0	0	0	0	0	0	0	0	0	0	0	0	0	0	0	0	0	0	0	0	0	0	0	0	0	0	0	0
"ASV135"	0	0	0	0	0	0	0	0	0	0	0	0	0	0	0	0	0	0	0	0	0	0	0	0	0	0.00618112259464392	0	0	0	0	0	0	0	0	0	0	0	0	0	0	0	4.78165756159374e-05	0	0	0	0	0	0	0	0	0
"ASV136"	0.00178442452309121	0	0.00473638289916484	0	0	0	0	0	0	0	0	0.0005728470498376	0	0	0	0	0	0	0	0	0	0	0	0	0	0	0	0	0	0	0	0	0	0	0	0	0	0	0	0	0	0	0	0	0	0	0	0	0	0	0
"ASV139"	0	0	0	0	0	0	0	0	0	0	0	0	0	0	0	0	0	0	0	0	0	0	0	0	0	0	0	0	0	0	0	0	0	0	0	0	0	0	0	0	0	0	0.000266428262710068	0.000306828378730415	0	0	0.00205212205985193	0	0.000707767943439448	0	0.00285305747064707
"ASV141"	0	0	0.00722921600398851	0	0	0	0	0	0	0	0	0	0	0	0	0	0	0	0	0	0	0	0	0	0	0	0	0	0	0	0	0	0	0	0	0	0	0	0	0	0	0	0	0	0	0	0	0	0	0	0
"ASV142"	0	0	0	0	0	0	0	0.0017351069982648	0	0	0	0	0	0	0	0	0	0	0	0.000225360576923	0	0	0	0	0	0.00245531890595549	0	0	0	0.000871723928821801	0	0	0	0	0	0	0	0.000182277641990124	0	0	0	0.000197243374415698	0	6.36813616232958e-05	0	2.62181613203466e-05	0	0	0.000175039383861367	0	0
"ASV143"	0.00250669159196151	0	0.00249283310482355	0	0	0	0	0	0	0	0	0	0	0	0	0	0	0	0	0	0	0	0	0	0	0	0	0	0	0	0	0	0	0	0	0	0	0	0	0	0	0	0	0	0	9.17635646212133e-05	0	0.00116776774913928	0	0	0
"ASV147"	0	0	0.00610744110681787	0	0	0	0	0	0	0	0	0	0	0	0	0	0	0	0	0	0	0	0	0	0	0	0	0	0	0	0	0	0	0	0	0	0	0	0	0	0	0	0	0	0	0	0	0.000265190285661112	0	0	0
"ASV148"	0	0	0	0	0	0	0	0	0	0	0	0	0	0	0	0	0	0	0	0	0	0	0	0	0	0	0	0	0	0	0	0	0	0	0	0	0	0	0	0	0	0	0	0	0	0.00517808686076843	0.0001104280929068	0	0	0	0
"ASV149"	0.00514084207842969	0	0	0	0	0	0	0	0	0	0	0	0	0	0	0	0	0	0	0	0	0	0	0	0	0	0	0	0	0	0	0	0	0	0	0	0	0	0	0	0	0	0	0	0	0	0	0.000293105052572748	0	0	0
"ASV150"	0	0	0	0	0	0	0	0	0	0	0	0	0	0	0	0	0	0	0	0	0	0.00474773068313199	0	0	0	0	0	0	0	0	0	0	0	0	0	0	0	0	0	0	0	0	0	0	0	0	0	0	0	0	0
"ASV152"	0	0	0	0	0	0	0	0	0	0	0	0	0	0	0	0	0	0	0	0	0	0	0	0	0	0	0	0	0	0	0	0	0	0	0	0	0	0	0	0	0	0	0	0	0	0	0	0	0	0.0044764607035618	0
"ASV154"	0.00429111611505283	0	0	0	0	0	0	0	0	0	0	0	0	0	0	0	0	0	0	0	0	0	0	0	0	0	0	0	0	0	0	0	0	0	0	0	0	0	0	0	0	0	0	0	0	0	0	0.00017214106262205	0	0	0
"ASV155"	0	0	0	0	0	0	0	0	0	0	0	0	0	0	0	0	0	0	0	0	0	0	0	0	0	0	0	0	0	0	0	0	0	0	0	0	0	0	0	0	0	0	0	0	0	0	0	0	0	0	0.0042762296677698
"ASV156"	0	0	0	0	0	0	0	0	0	0	0	0	0	0	0	0	0	0	0	0	0	0	0	0	0	0	0	0	0	0	0	0	0	0	0	0	0	0	0	0	0	0.00390900505660282	0	0	0	0	0	0	0	0	0
"ASV157"	0	0	0.00249283310482355	0	0	0	0	0	0	0	0	0	0	0	0	0	0	0	0	0	0	0	0	0	0	0	0	0	0	0	0	0	0	0	0	0	0	0	0	0	0	0	0	0	0	0	0	0.00157253186935888	0.000235922647813116	0	0
"ASV158"	0	0	0.00348996634675307	0	0	0	0	0	0	0	0	0	0	0	0	0	0	0	0	0	0	0	0	0	0	0	0	0	0	0	0	0	0	0	0	0	0	0	0	0	0	0	0	0	0	0	0	0.000823485623894972	0	0	0
"ASV159"	0	0	0	0	0	0	0	0	0	0	0	0	0	0	0	0	0	0	0	0	0	0	0	0	0	0	0	0	0	0.00154446739562999	0	0	0	0	0	0	0	0	0.00211166329892775	0	0	0	0	0	0	0	0	0	0	0	0
"ASV161"	0	0	0.00436245793344133	0	0	0	0	0	0	0	0	0	0	0	0	0	0	0	0	0	0	0	0	0	0	0	0	0	0	0	0	0	0	0	0	0	0	0	0	0	0	0	0	0	0	0	0	0	0	0	0
"ASV162"	0.00373879423885794	0	0	0	0	0	0	0	0	0	0	0	0	0	0	0	0	0	0	0	0	0	0	0	0	0	0	0	0	0	0	0	0	0	0	0	0	0	0	0	0	0	0	0	0	0	0	0	0	0	0
"ASV163"	0.00263415048646807	0	0	0	0	0	0	0	0	0	0	0	0	0	0	0	0	0	0	0	0	0	0	0	0	0	0	0	0	0	0	0	0	0	0	0	0	0	0	0	0	0	0	0.000301039164037369	0	0	0	0.000521075649018276	0.00019787060784321	0	0
"ASV164"	0	0	0.00423781627820008	0	0	0	0	0	0	0	0	0	0	0	0	0	0	0	0	0	0	0	0	0	0	0	0	0	0	0	0	0	0	0	0	0	0	0	0	0	0	0	0	0	0	0	0	0	0	0	0
"ASV165"	0.00361133534435138	0	0	0	0	0	0	0	0	0	0	0	0	0	0	0	0	0	0	0	0	0	0	0	0	0	0	0	0	0	0	0	0	0	0	0	0	0	0	0	0	0	0	0	0	0	0	0	0	0	0
"ASV166"	0	0	0	0	0	0	0	0	0	0	0	0	0	0	0	0	0	0	0	0	0	0	0	0	0	0	0	0	0	0	0	0	0	0	0	0	0	0	0	0	0	0	0	0	0	0	0	0	0.00342468359728762	0	0
"ASV168"	0	0	0	0	0	0	0	0	0	0	0	0	0	0	0	0	0	0	0	0	0	0	0	0	0	0	0	0	0	0	0	0	0	0	0	0	0	0	0	0	0	0	0	0	0	0	0	0.00346608355820224	0	0	0
"ASV171"	0	0	0	0	0	0	0	0	0	0	0	0	0	0	0	0	0	0	0.00435442633429202	0	0	0	0	0	0	0	0	0	0	0	0	0	0	0	0	0	0	0	0	0	0	0	0	0	0	0	0	0	0	0	0
"ASV175"	0	0	0	0	0	0	0	0.0028918449971081	0	0	0	0	0	0	0	0	0	0	0	0	0	0	0	0	0	0	0	0	0	0	0	0	0	0	0	0	0	0	0	0	0	0	0	0	0	0	0	0	0	0	0
"ASV176"	0	0	0.00348996634675307	0	0	0	0	0	0	0	0	0	0	0	0	0	0	0	0	0	0	0	0	0	0	0	0	0	0	0	0	0	0	0	0	0	0	0	0	0	0	0	0	0	0	0	0	0	0	0	0
"ASV177"	0	0	0.00348996634675307	0	0	0	0	0	0	0	0	0	0	0	0	0	0	0	0	0	0	0	0	0	0	0	0	0	0	0	0	0	0	0	0	0	0	0	0	0	0	0	0	0	0	0	0	0	0	0	0
"ASV178"	0	0	0.00311604138102944	0	0	0	0	0	0	0	0	0	0	0	0	0	0	0	0	0	0	0	0	0	0	0	0	0	0	0	0	0	0	0	0	0	0	0	0	0	0	0	0	0	0	0	0	0.000316367358332463	0	0	0
"ASV179"	0.00114713005055862	0	0	0	0	0	0	0	0	0	0	0	0	0	0	0	0	0	0	0	0	0	0	0	0	0	0	0	0	0	0	0	0	0	0	0	0	0	0	0	0	0	0	0	0	0	0	0.00180050246580441	0	0	0
"ASV180"	0	0	0	0	0	0	0	0	0	0	0	0	0.00276119402985067	0	0	0	0	0	0	0	0	0	0	0	0	0	0	0	0	0	0	0	0	0	0	0	0	0	0	0	0	0	0	0	0	0	0	0	0	0	0
"ASV181"	0	0	0	0	0	0	0	0	0	0	0	0	0	0	0	0	0	0	0	0	0	0	0	0	0	0	0	0	0	0	0	0	0	0	0	0	0	0	0	0	0	0	0	0	0	0	9.20234107556963e-05	0	0	0.0026652158342745	0
"ASV183"	0.000637294472532591	0	0.00249283310482355	0	0	0	0	0	0	0	0	0	0	0	0	0	0	0	0	0	0	0	0	0	0	0	0	0	0	0	0	0	0	0	0	0	0	0	0	0	0	0	0	0	0	0	0	0	0	0	0
"ASV184"	0	0	0	0	0	0	0	0	0	0	0	0	0	0	0	0	0	0	0	0	0	0	0	0	0	0	0	0	0	0	0	0	0	0	0	0	0	0	0	0	0.00263865953785925	0	0	0	0	0	0	0	0	0	0
"ASV185"	0	0	0	0	0	0	0	0	0	0	0	0	0	0	0	0	0	0	0	0	0	0	0	7.42831674342594e-05	0	0	0	0	0	0	0	0	0	0	0	0	0	0	0	0	0	0.00258209508326055	0	0	0	0	0	0	0	0	0
"ASV186"	0	0	0	0	0	0	0	0	0	0	0	0	0	0	0	0	0	0	0	0	0	0	0	0	0	0	0	0	0	0	0	0	0	0	0	0	0	0	0	0	0.000207859394667225	0	0	0	0.000564854178434392	0.00125847174337661	0	0.000483855959802692	0	0.0001033029393129	0
"ASV188"	0	0	0.00311604138102944	0	0	0	0	0	0	0	0	0	0	0	0	0	0	0	0	0	0	0	0	0	0	0	0	0	0	0	0	0	0	0	0	0	0	0	0	0	0	0	0	0	0	0	0	0	0	0	0
"ASV189"	0	0	0	0	0	0	0	0	0	0	0	0	0	0	0	0	0	0	0	0	0	0	0	0	0	0	0	0	0	0	0	0	0	0	0	0	0	0	0	0	0	0	0	0	0	0	0	0	0	0	0.00257782133818458
"ASV192"	0	0	0	0	0	0	0	0	0	0	0	0	0	0	0	0	0	0	0	0	0	0	0	0	0	0	0	0	0	0	0	0	0	0	0	0	0	0	0	0	0	0	0	0	0	0	0	0	0	0.0025137048566155	0
"ASV197"	0	0	0	0	0	0	0	0	0	0	0	0	0	0	0	0	0	0	0	0	0	0	0	0	0	0	0	0	0	0	0	0	0	0	0	0	0	0	0	0	0	0	0	0	0	0.00243828900279221	0	0	0	0	0
"ASV199"	0	0	0.00249283310482355	0	0	0	0	0	0	0	0	0	0	0	0	0	0	0	0	0	0	0	0	0	0	0	0	0	0	0	0	0	0	0	0	0	0	0	0	0	0	0	0	0	0.000133781252787043	0	0	0.000195403368381866	3.04416319758902e-05	0	0
"ASV200"	0	0	0.00286675807054718	0	0	0	0	0	0	0	0	0	0	0	0	0	0	0	0	0	0	0	0	0	0	0	0	0	0	0	0	0	0	0	0	0	0	0	0	0	0	0	0	0	0	0	0	0	0	0	0
"ASV203"	0	0	0.00274211641530593	0	0	0	0	0	0	0	0	0	0	0	0	0	0	0	0	0	0	0	0	0	0	0	0	0	0	0	0	0	0	0	0	0	0	0	0	0	0	0	0	0	0	0	0	0	0	0	0
"ASV204"	0	0	0	0	0	0	0	0	0	0	0	0	0	0	0	0	0	0	0	0	0	0	0	0	0	0	0	0	0	0	0	0	0	0	0	0	0	0	0	0	0	0	0	0	0	0	0	0.00235414534288634	0	0	0
"ASV205"	0.000339890385350722	0	0.00199426648385891	0	0	0	0	0	0	0	0	0	0	0	0	0	0	0	0	0	0	0	0	0	0	0	0	0	0	0	0	0	0	0	0	0	0	0	0	0	0	0	0	0	0	0	0	0.000279147669116879	0	0	0
"ASV208"	0	0	0	0	0	0	0	0	0	0	0	0	0	0	0	0	0	0	0	0	0	0	0	0	0	0	0	0	0	0	0	0	0	0	0	0	0	0	0	0	0	0	0	0	0	0	0	0	0	0.002183135450814	0
"ASV209"	0	0	0.0026174747600648	0	0	0	0	0	0	0	0	0	0	0	0	0	0	0	0	0	0	0	0	0	0	0	0	0	0	0	0	0	0	0	0	0	0	0	0	0	0	0	0	0	0	0	0	0	0	0	0
"ASV211"	0.00216680120661079	0	0	0	0	0	0	0	0	0	0	0	0	0	0	0	0	0	0	0	0	0	0	0	0	0	0	0	0	0	0	0	0	0	0	0	0	0	0	0	0	0	0	0	0	0	0	0	0	0	0
"ASV213"	0.000424862981688326	0	0	0	0	0	0	0	0	0	0	0	0	0	0	0	0	0	0	0	0	0	0	0	0	0	0	0	0	0	0	0	0	0	0	0	0	0	0	0	0	0	0	0	5.94583345720487e-05	0	0	0.00156322694705493	0	0	0
"ASV220"	0	0	0.00224354979434117	0	0	0	0	0	0	0	0	0	0	0	0	0	0	0	0	0	0	0	0	0	0	0	0	0	0	0	0	0	0	0	0	0	0	0	0	0	0	0	0	0	0	0	0	0	0	0	0
"ASV223"	0.000679780770701444	0	0	0	0	0	0	0	0	0	0	0	0	0	0	0	0	0	0	0	0	0	0	0	0	0	0	0	0	0	0	0	0	0	0	0	0	0	0	0	0	0	0	0	0	0	0	0.00118637759374707	0	0	0
"ASV225"	0	0	0.00211890813910004	0	0	0	0	0	0	0	0	0	0	0	0	0	0	0	0	0	0	0	0	0	0	0	0	0	0	0	0	0	0	0	0	0	0	0	0	0	0	0	0	0	0	0	0	0	0	0	0
"ASV226"	0	0	0	0	0	0	0	0	0	0	0	0	0	0	0	0	0	0	0	0	0	0	0	0	0	0	0	0	0	0	0	0	0	0	0	0	0	0	0	0	0	0	0	0	0	0	0	0	0	0.0017423762430787	0
"ASV229"	0	0	0	0	0	0	0.0016854344268301	0	0	0	0	0	0	0	0	0	0	0	0	0	0	0	0	0	0	0	0	0	0	0	0	0	0	0	0	0	0	0	0	0	0	0	0	0	0	0	0	0	0	0	0
"ASV230"	0	0	0.00199426648385891	0	0	0	0	0	0	0	0	0	0	0	0	0	0	0	0	0	0	0	0	0	0	0	0	0	0	0	0	0	0	0	0	0	0	0	0	0	0	0	0	0	0	0	0	0	0	0	0
"ASV234"	0	0	0	0	0	0	0	0	0	0	0	0	0	0	0	0.0016234654603163	0	0	0	0	0	0	0	0	0	0	0	0	0	0	0	0	0	0	0	0	0	0	0	0	0	0	0	0	0	0	0	0	0	0	0
"ASV235"	0	0	0	0	0	0	0	0	0	0	0	0	0	0	0	0	0	0	0	0	0	0	0	0	0	0	0	0	0	0	0	0	0	0	0	0	0	0	0	0	0	0	0	0	0	0.00149443519525973	5.52140464534178e-05	0	3.80520399698628e-05	0	0
"ASV239"	0	0	0.00186962482861766	0	0	0	0	0	0	0	0	0	0	0	0	0	0	0	0	0	0	0	0	0	0	0	0	0	0	0	0	0	0	0	0	0	0	0	0	0	0	0	0	0	0	0	0	0	0	0	0
"ASV240"	0	0	0	0	0	0	0	0	0	0	0	0	0	0	0	0	0	0	0	0	0	0	0	0	0	0	0	0	0	0	0	0	0	0	0	0	0	0	0	0	0	0	0	0	0	0	0	0	0	0.0015426572270736	0
"ASV243"	0	0	0.00174498317337653	0	0	0	0	0	0	0	0	0	0	0	0	0	0	0	0	0	0	0	0	0	0	0	0	0	0	0	0	0	0	0	0	0	0	0	0	0	0	0	0	0	0	0	0	0	0	0	0
"ASV244"	0	0	0.00162034151813528	0	0	0	0	0	0	0	0	0	0	0	0	0	0	0	0	0	0	0	0	0	0	0	0	0	0	0	0	0	0	0	0	0	0	0	0	0	0	0	0	0	0	0	0	9.30492230389879e-05	0	0	0
"ASV245"	0	0	0	0	0	0	0	0	0	0	0	0	0	0	0	0	0	0	0	0	0	0	0	0	0	0	0	0	0	0	0	0	0	0	0	0	0	0	0	0	0	0	0	0	0	0.00142888979195884	0	0	0	0	0
"ASV253"	0	0	0	0	0	0	0	0	0	0	0	0	0	0	0	0	0	0	0	0	0	0	0	0	0	0	0	0	0	0	0	0	0	0	0	0	0	0	0	0	0	0	0	0	0	0.000668563113668808	0	0.000609472410905313	0	0	0
"ASV254"	0	0	0	0	0	0	0	0	0	0	0	0	0	0	0	0	0	0	0	0	0	0	0	0	0	0	0	0	0	0	0	0	0	0	0	0	0	0	0	0	0	0	0	0	0	0	0.00124231604520187	0	0	0	0
"ASV257"	0	0	0.00149569986289415	0	0	0	0	0	0	0	0	0	0	0	0	0	0	0	0	0	0	0	0	0	0	0	0	0	0	0	0	0	0	0	0	0	0	0	0	0	0	0	0	0	0	0	0	0	0	0	0
"ASV258"	0.00101967115605217	0	0	0	0	0	0	0	0	0	0	0	0	0	0	0	0	0	0	0	0	0	0	0	0	0	0	0	0	0	0	0	0	0	0	0	0	0	0	0	0	0	0	0	0	0	0	0.000269842746813034	0	0	0
"ASV259"	0	0	0	0	0	0	0	0	0	0	0	0	0	0	0	0	0	0	0	0	0	0	0	0	0	0	0	0	0	0	0	0	0	0	0	0	0	0	0	0	0	0	0	0	0	0	0	0	0.00123288609502355	0	0
"ASV260"	0	0	0	0	0	0	0	0	0	0	0	0	0	0	0	0	0	0	0	0	0	0	0	0	0	0	0	0	0	0	0	0	0	0	0	0	0	0	0	0	0	0	0	0	0	0	0	0.00128407927793795	0	0	0
"ASV266"	0	0	0	0	0	0	0	0	0	0	0	0	0	0	0	0	0	0	0	0	0	0	0	0	0	0	0	0	0	0	0	0	0	0	0	0	0	0	0	0	0	0	0	0	0	0	0	0	0	0.0010468031183713	0
"ASV267"	0	0	0.00124641655241177	0	0	0	0	0	0	0	0	0	0	0	0	0	0	0	0	0	0	0	0	0	0	0	0	0	0	0	0	0	0	0	0	0	0	0	0	0	0	0	0	0	0	0	0	0	0	0	0
"ASV268"	0	0	0	0	0	0	0	0	0	0	0	0	0	0	0	0	0	0	0	0	0	0	0	0	0	0	0	0	0	0	0	0	0	0	0	0	0	0	0	0	0	0	0	0	0	0	0.00103066220046376	0	0	0	0
