ASV_ID	asv_hash	mean_rel_abund	max_rel_abund	full_taxonomy	species	genus
ASV001	d46e2205f0c6ecf67b51f83d111c509c	0.18470079933573	0.973860017090033	d__Bacteria; p__Proteobacteria; c__Gammaproteobacteria; o__Enterobacterales; f__Enterobacteriaceae; g__Escherichia-Shigella; s__Escherichia_coli	Escherichia_coli	Escherichia-Shigella
ASV002	c939ee112ba982665e012437dae05c1e	0.138400031194123	0.993350948626873	d__Bacteria; p__Proteobacteria; c__Gammaproteobacteria; o__Enterobacterales; f__Enterobacteriaceae; g__Enterobacter		Enterobacter
ASV003	945184b6386c192c0066e0a98a154780	0.116266299216705	0.976596184880208	d__Bacteria; p__Proteobacteria; c__Gammaproteobacteria; o__Enterobacterales; f__Enterobacteriaceae; g__Enterobacter		Enterobacter
ASV004	82dece6e35540738ba450a0c3a90b5a0	0.0437234688169815	0.968733740125822	d__Bacteria; p__Proteobacteria; c__Gammaproteobacteria; o__Enterobacterales; f__Yersiniaceae; g__Serratia; s__Serratia_sp.	Serratia_sp.	Serratia
ASV005	9908fffab7ed4f3bec44cda2f5084d49	0.0351536463071109	0.904955670730802	d__Bacteria; p__Firmicutes; c__Bacilli; o__Lactobacillales; f__Enterococcaceae; g__Enterococcus		Enterococcus
ASV006	65d43491988bfe557da4d86a5ba25dae	0.0342749921214101	0.598752466424798	d__Bacteria; p__Firmicutes; c__Bacilli; o__Staphylococcales; f__Staphylococcaceae; g__Staphylococcus		Staphylococcus
ASV007	3481fa43fe5fba6aecdc7f9aae6ed9c0	0.0290736442845497	0.84970105961049	d__Bacteria; p__Proteobacteria; c__Gammaproteobacteria; o__Enterobacterales; f__Yersiniaceae		
ASV008	2740cf2417c92847cc298cbd71dd1fcd	0.0259071437491112	0.848799433303207	d__Bacteria; p__Firmicutes; c__Negativicutes; o__Veillonellales-Selenomonadales; f__Veillonellaceae; g__Veillonella; s__uncultured_bacterium		Veillonella
ASV009	4d72007c70f4abc0bf9e8fe8b826d07d	0.0243062633581146	0.90489063652003	d__Bacteria; p__Proteobacteria; c__Gammaproteobacteria; o__Enterobacterales; f__Enterobacteriaceae; g__Citrobacter		Citrobacter
ASV010	35ffcc3b809d667286737d79670b8de5	0.0218632593259997	0.374853286384977	d__Bacteria; p__Actinobacteriota; c__Actinobacteria; o__Bifidobacteriales; f__Bifidobacteriaceae; g__Bifidobacterium; s__uncultured_bacterium		Bifidobacterium
ASV011	394eda29c886632f514dd94b58381186	0.0217971827521933	0.849773242630385	d__Bacteria; p__Proteobacteria; c__Gammaproteobacteria; o__Pasteurellales; f__Pasteurellaceae; g__Haemophilus; s__uncultured_bacterium		Haemophilus
ASV012	fd496fd32dc8c08ade2e8b6c9d8ee13d	0.0216710949391025	0.521200904167362	d__Bacteria; p__Firmicutes; c__Bacilli; o__Lactobacillales; f__Streptococcaceae; g__Streptococcus; s__Streptococcus_salivarius	Streptococcus_salivarius	Streptococcus
ASV013	c24e0e391aa836b5eae25567c7eb89ee	0.019924639667881	0.499182390831402	d__Bacteria; p__Firmicutes; c__Clostridia; o__Lachnospirales; f__Lachnospiraceae; g__[Ruminococcus]_gnavus_group; s__uncultured_bacterium		[Ruminococcus]_gnavus_group
ASV014	2c982937754e6321f861027032db80f7	0.0194610670461272	0.642450279976829	d__Bacteria; p__Bacteroidota; c__Bacteroidia; o__Bacteroidales; f__Bacteroidaceae; g__Bacteroides; s__uncultured_bacterium		Bacteroides
ASV015	99deb3c5ecb022ec05609ebd1112a557	0.0176919306960492	0.457552988673321	d__Bacteria; p__Bacteroidota; c__Bacteroidia; o__Bacteroidales; f__Bacteroidaceae; g__Bacteroides; s__uncultured_bacterium		Bacteroides
ASV016	a3f9df4186a4f00562674fb08daca5d4	0.0172043805094315	0.877423405981005	d__Bacteria; p__Firmicutes; c__Bacilli; o__Paenibacillales; f__Paenibacillaceae; g__Paenibacillus		Paenibacillus
ASV017	923f521b9cf313f1f95c9367e09bbc1c	0.0161786365756693	0.57482086965519	d__Bacteria; p__Firmicutes; c__Negativicutes; o__Veillonellales-Selenomonadales; f__Veillonellaceae; g__Veillonella		Veillonella
ASV018	9580aa8a52ec18a4e92e701cdb595faa	0.0147249404634664	0.555858310626703	d__Bacteria; p__Firmicutes; c__Clostridia; o__Clostridiales; f__Clostridiaceae; g__Clostridium_sensu_stricto_1; s__uncultured_bacterium		Clostridium_sensu_stricto_1
ASV019	19a36b16af23deb4230ba84ab6f02f01	0.0120116879867199	0.611653069277855	d__Bacteria; p__Firmicutes; c__Clostridia; o__Lachnospirales; f__Lachnospiraceae; g__Lachnoclostridium		Lachnoclostridium
ASV020	5a6c87d6a4eb5e114959f6192f29b641	0.0114453888765657	0.300792831859563	d__Bacteria; p__Actinobacteriota; c__Actinobacteria; o__Bifidobacteriales; f__Bifidobacteriaceae; g__Bifidobacterium		Bifidobacterium
ASV021	cd9401a6bce4a63af516d06d2a843f9d	0.0104301104979665	0.266218148725949	d__Bacteria; p__Firmicutes; c__Negativicutes; o__Veillonellales-Selenomonadales; f__Veillonellaceae; g__Veillonella; s__uncultured_bacterium		Veillonella
ASV022	d8e7f9181e4d5a4a6453e9ca9996a43f	0.0101405748795377	0.511752875369241	d__Bacteria; p__Bacteroidota; c__Bacteroidia; o__Bacteroidales; f__Tannerellaceae; g__Parabacteroides		Parabacteroides
ASV023	315ca0a729f126b941ba111a16d4d97a	0.0101207434503596	0.402098976565214	d__Bacteria; p__Actinobacteriota; c__Actinobacteria; o__Bifidobacteriales; f__Bifidobacteriaceae; g__Bifidobacterium		Bifidobacterium
ASV024	0df6c802966e8670279671824da4f10a	0.0093389896823211	0.273912305220674	d__Bacteria; p__Firmicutes; c__Bacilli; o__Lactobacillales; f__Lactobacillaceae; g__Lactobacillus; s__uncultured_bacterium		Lactobacillus
ASV025	a663a01aeb4dbb88bbe0a9840e8f64dc	0.009075237664476	0.263359527353712	d__Bacteria; p__Firmicutes; c__Bacilli; o__Erysipelotrichales; f__Erysipelatoclostridiaceae; g__Erysipelatoclostridium		Erysipelatoclostridium
ASV026	61d3681d1e82fd381aaa278aa83a82af	0.0077974683215511	0.383361975685825	d__Bacteria; p__Firmicutes; c__Bacilli; o__Staphylococcales; f__Staphylococcaceae; g__Staphylococcus; s__uncultured_bacterium		Staphylococcus
ASV027	836cd5ea357ad392c00a7e48d921be1d	0.0059439882737603	0.245560286634126	d__Bacteria; p__Bacteroidota; c__Bacteroidia; o__Bacteroidales; f__Bacteroidaceae; g__Bacteroides; s__uncultured_bacterium		Bacteroides
ASV028	06f825b512d903b9230e1a55d87359ee	0.005529079020918	0.211438474870017	d__Bacteria; p__Firmicutes; c__Bacilli; o__Lactobacillales; f__Streptococcaceae; g__Streptococcus		Streptococcus
ASV029	3bae00d865b43e800a6f297f958ac2de	0.0053396735086048	0.153882476390346	d__Bacteria; p__Firmicutes; c__Negativicutes; o__Veillonellales-Selenomonadales; f__Veillonellaceae; g__Veillonella		Veillonella
ASV030	c1d9eada909d2d5dbe078f25f1038508	0.0046281537613398	0.209000445566612	d__Bacteria; p__Proteobacteria; c__Gammaproteobacteria; o__Burkholderiales; f__Comamonadaceae; g__Aquabacterium; s__uncultured_bacterium		Aquabacterium
ASV031	f4801b7a68515d9005fa572ee6afdf41	0.0046010507089948	0.211762958562305	d__Bacteria; p__Proteobacteria; c__Gammaproteobacteria; o__Burkholderiales; f__Burkholderiaceae; g__Ralstonia		Ralstonia
ASV032	fd44d4cb468fd7dc9b3227867714ed87	0.0039558566262353	0.0778551436958154	d__Bacteria; p__Bacteroidota; c__Bacteroidia; o__Bacteroidales; f__Bacteroidaceae; g__Bacteroides; s__uncultured_bacterium		Bacteroides
ASV033	3b94c19ef326eea0918e1c3d244c999c	0.0031139793646251	0.112183027714363	d__Bacteria; p__Proteobacteria; c__Gammaproteobacteria; o__Enterobacterales; f__Erwiniaceae; g__Pantoea		Pantoea
ASV034	2c5e87b291147c04e1b8d1c808b1aee0	0.0029831885164544	0.0995937879599274	d__Bacteria; p__Actinobacteriota; c__Actinobacteria; o__Bifidobacteriales; f__Bifidobacteriaceae; g__Bifidobacterium; s__Bifidobacterium_bifidum	Bifidobacterium_bifidum	Bifidobacterium
ASV035	2b5bec278da36785c94d3bd29b8b3116	0.0026338743951072	0.13432759415047	d__Bacteria; p__Proteobacteria; c__Gammaproteobacteria; o__Enterobacterales; f__Enterobacteriaceae; g__Escherichia-Shigella		Escherichia-Shigella
ASV036	d509a9b999e826dc5f7982d3b443a791	0.0025570841560099	0.130411291956507	d__Bacteria; p__Proteobacteria; c__Gammaproteobacteria; o__Enterobacterales; f__Enterobacteriaceae; g__Escherichia-Shigella; s__Escherichia_coli	Escherichia_coli	Escherichia-Shigella
ASV037	99bccd58aaeb00f98e22add40be6e36b	0.0025057454070116	0.123750864182012	d__Bacteria; p__Firmicutes; c__Clostridia; o__Peptostreptococcales-Tissierellales; f__Peptostreptococcaceae; g__Clostridioides; s__Clostridioides_difficile	Clostridioides_difficile	Clostridioides
ASV038	818434292143daca42a3168f3728da82	0.0024830879793464	0.06913961875322	d__Bacteria; p__Firmicutes; c__Negativicutes; o__Veillonellales-Selenomonadales; f__Veillonellaceae; g__Dialister; s__uncultured_bacterium		Dialister
ASV039	8e0b59327dc32a46942dca607203fd92	0.0023258308065844	0.118617371135805	d__Bacteria; p__Proteobacteria; c__Gammaproteobacteria; o__Enterobacterales; f__Enterobacteriaceae; g__Escherichia-Shigella		Escherichia-Shigella
ASV040	8d8dbe9e155a2dfca1499f46361d4a4a	0.0019345693851701	0.0986630386436776	d__Bacteria; p__Firmicutes; c__Bacilli; o__Paenibacillales; f__Paenibacillaceae; g__Paenibacillus		Paenibacillus
ASV041	9664cae1104ed11cba60a2552c35cae7	0.0018970022426599	0.0967471143756558	d__Bacteria; p__Proteobacteria; c__Gammaproteobacteria; o__Enterobacterales; f__Enterobacteriaceae; g__Enterobacter		Enterobacter
ASV042	5673ae66819e3bdbbc09461e4959159e	0.0018545047174442	0.0945797405896578	d__Bacteria; p__Proteobacteria; c__Gammaproteobacteria; o__Enterobacterales; f__Erwiniaceae; g__Pantoea		Pantoea
ASV043	5e4fb7ce13c6ec3756d7f4b8f4e4a5dc	0.0018042211727975	0.0920152798126762	d__Bacteria; p__Bacteroidota; c__Bacteroidia; o__Bacteroidales; f__Bacteroidaceae; g__Bacteroides; s__uncultured_bacterium		Bacteroides
ASV044	76b39e86c95e0c7dd8b9c57b974f6532	0.0017528149287192	0.0644639762147795	d__Bacteria; p__Bacteroidota; c__Bacteroidia; o__Bacteroidales; f__Bacteroidaceae; g__Bacteroides; s__uncultured_bacterium		Bacteroides
ASV045	675c847bccbc53942ebb7b8cbb4efc4d	0.0017385814948773	0.0803341020454234	d__Bacteria; p__Bacteroidota; c__Bacteroidia; o__Bacteroidales; f__Prevotellaceae; g__Prevotella; s__uncultured_bacterium		Prevotella
ASV046	878fc53ff6f6333a92673b700951fa1b	0.0016756733181451	0.0769677111065602	d__Bacteria; p__Bacteroidota; c__Bacteroidia; o__Bacteroidales; f__Tannerellaceae; g__Parabacteroides; s__uncultured_bacterium		Parabacteroides
ASV047	8343cf4c26bb977e05e4d9c5125441ef	0.0016279636299874	0.0830261451293604	d__Bacteria; p__Bacteroidota; c__Bacteroidia; o__Bacteroidales; f__Tannerellaceae; g__Parabacteroides; s__uncultured_bacterium		Parabacteroides
ASV048	edc9e5c16e40aff1eadce6597940f08f	0.0015318862282929	0.0195601635357935	d__Bacteria; p__Firmicutes; c__Bacilli; o__Lactobacillales; f__Streptococcaceae; g__Streptococcus; s__Streptococcus_parasanguinis	Streptococcus_parasanguinis	Streptococcus
ASV049	d900eb33f6b4bc449aab64df16ae18b2	0.0015110168270031	0.0768772307207497	d__Bacteria; p__Bacteroidota; c__Bacteroidia; o__Bacteroidales; f__Bacteroidaceae; g__Bacteroides; s__uncultured_bacterium		Bacteroides
ASV050	76a2a89fb35336e7b117fc44ff915092	0.0015094933236796	0.0579923832668968	d__Bacteria; p__Firmicutes; c__Negativicutes; o__Veillonellales-Selenomonadales; f__Veillonellaceae; g__Veillonella; s__uncultured_bacterium		Veillonella
ASV051	d6efd2da2728fd74ded268122ee05036	0.0014885774664929	0.0554353426069037	d__Bacteria; p__Proteobacteria; c__Alphaproteobacteria; o__Sphingomonadales; f__Sphingomonadaceae; g__Sphingomonas		Sphingomonas
ASV052	f5f5e0da89730462abaf6301a9557193	0.0014080785309924	0.0366821226172076	d__Bacteria; p__Firmicutes; c__Clostridia; o__Oscillospirales; f__Ruminococcaceae; g__Faecalibacterium; s__uncultured_bacterium		Faecalibacterium
ASV053	b15193fce14759d1c06728933e044af6	0.0012679982711054	0.0304493130337913	d__Bacteria; p__Bacteroidota; c__Bacteroidia; o__Bacteroidales; f__Bacteroidaceae; g__Bacteroides; s__uncultured_bacterium		Bacteroides
ASV054	6ba43acb03ae795b3e7e31f2be946006	0.0012432560594685	0.0091705306543019	d__Bacteria; p__Firmicutes; c__Bacilli; o__Lactobacillales; f__Leuconostocaceae; g__Leuconostoc; s__Leuconostoc_mesenteroides	Leuconostoc_mesenteroides	Leuconostoc
ASV055	ad9b44d88a18bbff3f5238c0c051e11b	0.0012003305125661	0.0514495305164319	d__Bacteria; p__Firmicutes; c__Clostridia; o__Clostridiales; f__Clostridiaceae; g__Clostridium_sensu_stricto_1; s__uncultured_bacterium		Clostridium_sensu_stricto_1
ASV056	8bafedeb678c6cb11deef4768047bfc7	0.0011971862720558	0.0610564998748492	d__Bacteria; p__Proteobacteria; c__Gammaproteobacteria; o__Enterobacterales; f__Enterobacteriaceae; g__Escherichia-Shigella		Escherichia-Shigella
ASV057	b78e348dfb22815a4db4373d02d70631	0.0011802268157958	0.0363560384454659	d__Bacteria; p__Bacteroidota; c__Bacteroidia; o__Bacteroidales; f__Bacteroidaceae; g__Bacteroides; s__uncultured_bacterium		Bacteroides
ASV058	aa9b3a1418d146c262ec63305292065a	0.0011673378792784	0.0547749888608347	d__Bacteria; p__Actinobacteriota; c__Actinobacteria; o__Corynebacteriales; f__Corynebacteriaceae; g__Corynebacterium; s__uncultured_bacterium		Corynebacterium
ASV059	ab73468ad42ceb405a9127db33cb262c	0.0011479663667514	0.0585462847043229	d__Bacteria; p__Firmicutes; c__Clostridia; o__Clostridiales; f__Clostridiaceae; g__Clostridium_sensu_stricto_1; s__uncultured_bacterium		Clostridium_sensu_stricto_1
ASV060	ee5dfec95f34d576e901aa22c8df495b	0.0011047047110997	0.0563399402660874	d__Bacteria; p__Proteobacteria; c__Gammaproteobacteria; o__Enterobacterales; f__Enterobacteriaceae; g__Escherichia-Shigella		Escherichia-Shigella
ASV061	5f8d35126b0a7321413d21487ec72b73	0.0011023642707401	0.0553917282871242	d__Bacteria; p__Firmicutes; c__Bacilli; o__Erysipelotrichales; f__Erysipelotrichaceae; g__[Clostridium]_innocuum_group; s__uncultured_bacterium		[Clostridium]_innocuum_group
ASV062	8612a638846acf832935cb932a1f0398	0.0010425190168803	0.0531684698608964	d__Bacteria; p__Bacteroidota; c__Bacteroidia; o__Flavobacteriales; f__Weeksellaceae; g__Cloacibacterium; s__uncultured_bacterium		Cloacibacterium
ASV063	9d5054752ed33d6a22bd0f96b5618b1c	0.0008861906074021	0.020661251052404	d__Bacteria; p__Bacteroidota; c__Bacteroidia; o__Bacteroidales; f__Bacteroidaceae; g__Bacteroides; s__uncultured_bacterium		Bacteroides
ASV064	db419e9201dca426b1b048c97d4c50d5	0.0008758122163065	0.044666423031632	d__Bacteria; p__Proteobacteria; c__Gammaproteobacteria; o__Enterobacterales; f__Enterobacteriaceae		
ASV065	13fb78ba7bdab6baea8f2a088d3e6405	0.0008656356096884	0.0437103563666624	d__Bacteria; p__Bacteroidota; c__Bacteroidia; o__Bacteroidales; f__Prevotellaceae; g__Prevotella; s__uncultured_bacterium		Prevotella
ASV066	09e996f449e880d1fd8f27d59e8d8b11	0.0008487431062806	0.0380915479785159	d__Bacteria; p__Firmicutes; c__Bacilli; o__Lactobacillales; f__Lactobacillaceae; g__Lactobacillus; s__Lactobacillus_rhamnosus	Lactobacillus_rhamnosus	Lactobacillus
ASV067	195a54476a1802d75e0e773601fe964b	0.0008384600620258	0.0427614631633179	d__Bacteria; p__Actinobacteriota; c__Actinobacteria; o__Corynebacteriales; f__Corynebacteriaceae; g__Corynebacterium; s__Corynebacterium_diphtheriae	Corynebacterium_diphtheriae	Corynebacterium
ASV068	4fba6fef450158c1bd1cbcb5a0e8f5e5	0.0008333584934175	0.0423160513281309	d__Bacteria; p__Bacteroidota; c__Bacteroidia; o__Bacteroidales; f__Prevotellaceae; g__Prevotella; s__uncultured_bacterium		Prevotella
ASV069	08bd43071a06abf56df235fca6655bea	0.0008003733226232	0.0206438928483657	d__Bacteria; p__Firmicutes; c__Clostridia; o__Lachnospirales; f__Lachnospiraceae; g__[Ruminococcus]_torques_group; s__uncultured_bacterium		[Ruminococcus]_torques_group
ASV070	59777186ad2e0947e97615b5d6225136	0.0007505250388845	0.0266872746007213	d__Bacteria; p__Firmicutes; c__Clostridia; o__Oscillospirales; f__Ruminococcaceae; g__Faecalibacterium; s__uncultured_bacterium		Faecalibacterium
ASV071	c67445ed68d61f49e41b7bdd1de019fb	0.0007258036307048	0.036354300088852	d__Bacteria; p__Firmicutes; c__Clostridia; o__Lachnospirales; f__Lachnospiraceae; g__Lachnoclostridium		Lachnoclostridium
ASV072	95fdd816723ca482a5caba10bea171c8	0.0007232159690799	0.0368840144230769	d__Bacteria; p__Firmicutes; c__Bacilli; o__Lactobacillales; f__Lactobacillaceae; g__Lactobacillus; s__uncultured_bacterium		Lactobacillus
ASV073	9acb555d3c5dd77e9035a661e7ad1bb6	0.0007135304306779	0.0240590384916177	d__Bacteria; p__Firmicutes; c__Clostridia; o__Clostridiales; f__Clostridiaceae; g__Clostridium_sensu_stricto_1; s__uncultured_bacterium		Clostridium_sensu_stricto_1
ASV074	1d49df56b83a383d8b998af9d148f52c	0.000701401539323	0.0189495305164319	d__Bacteria; p__Firmicutes; c__Clostridia; o__Clostridiales; f__Clostridiaceae; g__Clostridium_sensu_stricto_1; s__uncultured_bacterium		Clostridium_sensu_stricto_1
ASV075	4cbfff144d4e7a4e0f4619ed505be070	0.0006680232186841	0.0280985915492958	d__Bacteria; p__Proteobacteria; c__Gammaproteobacteria; o__Enterobacterales; f__Enterobacteriaceae; g__Salmonella; s__Salmonella_enterica	Salmonella_enterica	Salmonella
ASV076	8400dd8baa70ab70f07c34b0d0024559	0.0006491471111481	0.0306549829199465	d__Bacteria; p__Proteobacteria; c__Alphaproteobacteria; o__Rhizobiales; f__Xanthobacteraceae; g__Afipia		Afipia
ASV077	205f8255db56fbbc2c5999ed97063cab	0.0005800116768659	0.0295805955201641	d__Bacteria; p__Firmicutes; c__Bacilli; o__Lactobacillales; f__Streptococcaceae; g__Streptococcus; s__Streptococcus_anginosus	Streptococcus_anginosus	Streptococcus
ASV078	263e41ea2c25dc87bd2ff5910cf30d40	0.0005549758317293	0.016795466254508	d__Bacteria; p__Firmicutes; c__Clostridia; o__Lachnospirales; f__Lachnospiraceae		
ASV079	2c6a6015a325f35c1a5c8ce7a44a5e3c	0.0005456003767969	0.0243834005825295	d__Bacteria; p__Firmicutes; c__Bacilli; o__Lactobacillales; f__Lactobacillaceae; g__Lactobacillus; s__Lactobacillus_rhamnosus	Lactobacillus_rhamnosus	Lactobacillus
ASV080	5c4563e3dd7e12dcdf279783af929eaa	0.0005397103252064	0.0162802679031427	d__Bacteria; p__Firmicutes; c__Clostridia; o__Lachnospirales; f__Lachnospiraceae; g__Roseburia; s__uncultured_bacterium		Roseburia
ASV081	173c825a18291f2ba18b5e46d9db8408	0.0005112996464985	0.0253145834755501	d__Bacteria; p__Bacteroidota; c__Bacteroidia; o__Bacteroidales; f__Tannerellaceae; g__Parabacteroides		Parabacteroides
ASV082	0920dcf0f62fb2b3ab9e32f1c4edec37	0.0004583802925596	0.0233773949205406	d__Bacteria; p__Proteobacteria; c__Gammaproteobacteria; o__Burkholderiales; f__Comamonadaceae; g__Pelomonas; s__uncultured_bacterium		Pelomonas
ASV083	3021d76e2788a9eadc2e9f2043cb6e58	0.0004288661806764	0.0218721752144985	d__Bacteria; p__Firmicutes; c__Negativicutes; o__Veillonellales-Selenomonadales; f__Veillonellaceae; g__Veillonella; s__uncultured_bacterium		Veillonella
ASV084	21401b105dc53b367b8fdc0ec97a9f02	0.0004183015314628	0.0194762045035726	d__Bacteria; p__Proteobacteria; c__Gammaproteobacteria; o__Burkholderiales; f__Sutterellaceae; g__Sutterella; s__uncultured_bacterium		Sutterella
ASV085	c6c3ab4e828fb40d6e05967b7aac9338	0.0004042613097684	0.0117465224111283	d__Bacteria; p__Firmicutes; c__Clostridia; o__Lachnospirales; f__Lachnospiraceae; g__Blautia		Blautia
ASV086	735cb9abbbc8ff2b5b354be608a3a869	0.0003978279043872	0.0188049656420553	d__Bacteria; p__Firmicutes; c__Bacilli; o__Lactobacillales; f__Streptococcaceae; g__Streptococcus; s__uncultured_bacterium		Streptococcus
ASV087	7574d888a430bd2cee722ff7d9759fea	0.0003962221907993	0.0202073317307692	d__Bacteria; p__Proteobacteria; c__Gammaproteobacteria; o__Enterobacterales; f__Enterobacteriaceae; g__Enterobacter		Enterobacter
ASV088	696f01399a07ab9ab9c38f3c9499531d	0.0003960660864555	0.020199370409234	d__Bacteria; p__Proteobacteria; c__Gammaproteobacteria; o__Enterobacterales; f__Enterobacteriaceae; g__Citrobacter		Citrobacter
ASV089	748c5f14c648b743ad9e4b5ebfd761ff	0.0003907518218182	0.0199283429127304	d__Bacteria; p__Bacteroidota; c__Bacteroidia; o__Bacteroidales; f__Bacteroidaceae; g__Bacteroides; s__uncultured_bacterium		Bacteroides
ASV090	77899213845055b1effd51c039de7163	0.0003882106480838	0.0197987430522759	d__Bacteria; p__Proteobacteria; c__Gammaproteobacteria; o__Enterobacterales; f__Enterobacteriaceae; g__Enterobacter		Enterobacter
ASV091	6420671c26eef32065e0275c8cd6701e	0.0003663516720705	0.0153286384976526	d__Bacteria; p__Firmicutes; c__Clostridia; o__Peptostreptococcales-Tissierellales; f__Peptostreptococcaceae; g__Intestinibacter; s__uncultured_bacterium		Intestinibacter
ASV092	33deb57a51743c338407d5c7e9b6f5fd	0.0003630101065693	0.0185135154350392	d__Bacteria; p__Firmicutes; c__Clostridia; o__Peptostreptococcales-Tissierellales; f__Peptostreptococcaceae; g__Terrisporobacter		Terrisporobacter
ASV093	d676e025fb7484f8c8f79dc642805d70	0.0003612849815161	0.0034923656225431	d__Bacteria; p__Proteobacteria; c__Gammaproteobacteria; o__Enterobacterales; f__Enterobacteriaceae; g__Citrobacter		Citrobacter
ASV094	21ec4d257421a662572a9f652d68b938	0.0003394247961935	0.0173106646058733	d__Bacteria; p__Bacteroidota; c__Bacteroidia; o__Flavobacteriales; f__Weeksellaceae; g__Chryseobacterium		Chryseobacterium
ASV095	3f2cff93d09fe5deb3299fe7ffa1b610	0.0003353702446351	0.0171038824763903	d__Bacteria; p__Proteobacteria; c__Gammaproteobacteria; o__Enterobacterales; f__Enterobacteriaceae; g__Citrobacter		Citrobacter
ASV096	9a76c2c2904fcae623e236b6818a712e	0.0003075731017263	0.0154069588211519	d__Bacteria; p__Bacteroidota; c__Bacteroidia; o__Bacteroidales; f__Tannerellaceae; g__Parabacteroides; s__uncultured_bacterium		Parabacteroides
ASV097	ed0b2c436e0aa37c7501df9927eca476	0.0002917658766277	0.0073158165893869	d__Bacteria; p__Proteobacteria; c__Gammaproteobacteria; o__Burkholderiales; f__Sutterellaceae; g__Sutterella; s__uncultured_bacterium		Sutterella
ASV098	0e2e91fba1ca9ed7de2d11ea4786c914	0.0002699789127314	0.0130054128673666	d__Bacteria; p__Proteobacteria; c__Gammaproteobacteria; o__Pseudomonadales; f__Moraxellaceae; g__Acinetobacter		Acinetobacter
ASV099	e0cbdf14b6d897fcc543bcda30ecab1a	0.000266344249943	0.0135835567470956	d__Bacteria; p__Proteobacteria; c__Gammaproteobacteria; o__Pasteurellales; f__Pasteurellaceae; g__Actinobacillus		Actinobacillus
ASV100	cc761daf51f27c423da57f3f1f0ff5cc	0.0002533231496232	0.012848384181343	d__Bacteria; p__Proteobacteria; c__Gammaproteobacteria; o__Enterobacterales; f__Erwiniaceae; g__Pantoea; s__Pantoea_agglomerans	Pantoea_agglomerans	Pantoea
ASV101	fd98346394a5c79e554003012cb33826	0.0002515658802974	0.0079340546110252	d__Bacteria; p__Actinobacteriota; c__Actinobacteria; o__Micrococcales; f__Micrococcaceae		
ASV102	209b0f9c375da503e050c43a24e70855	0.0002340162861057	0.0119348305913942	d__Bacteria; p__Firmicutes; c__Negativicutes; o__Veillonellales-Selenomonadales; f__Veillonellaceae; g__Negativicoccus		Negativicoccus
ASV103	85c44c83eddc5d3028261a1000b7d0e1	0.0002306055143295	0.0105483258958395	d__Bacteria; p__Firmicutes; c__Bacilli; o__Staphylococcales; f__Gemellaceae; g__Gemella; s__uncultured_bacterium		Gemella
ASV104	212b507f9f406b224c67078af6734482	0.0002287074860044	0.0116640817862289	d__Bacteria; p__Firmicutes; c__Bacilli; o__Lactobacillales; f__Streptococcaceae; g__Streptococcus; s__Streptococcus_salivarius	Streptococcus_salivarius	Streptococcus
ASV105	421cbd1d71d34704c6d53377261e213c	0.000208943459206	0.0105100463678516	d__Bacteria; p__Firmicutes; c__Clostridia; o__Lachnospirales; f__Lachnospiraceae; g__[Eubacterium]_ventriosum_group; s__uncultured_bacterium		[Eubacterium]_ventriosum_group
ASV106	c75252624b875074e554649d64e309ab	0.0002072099422221	0.0105677070533301	d__Bacteria; p__Firmicutes; c__Clostridia; o__Clostridiales; f__Clostridiaceae; g__Clostridium_sensu_stricto_1; s__uncultured_bacterium		Clostridium_sensu_stricto_1
ASV107	69ccef26c95cc31652790c1c4c35dfe2	0.0002056953976881	0.0104904652820972	d__Bacteria; p__Proteobacteria; c__Gammaproteobacteria; o__Pasteurellales; f__Pasteurellaceae; g__Haemophilus; s__uncultured_bacterium		Haemophilus
ASV108	27f098662c8f87b4aaff903d9c0f28d3	0.0002017037990703	0.0072127769191138	d__Bacteria; p__Desulfobacterota; c__Desulfovibrionia; o__Desulfovibrionales; f__Desulfovibrionaceae; g__Bilophila; s__uncultured_bacterium		Bilophila
ASV109	1b8dec58597978264025b9eba656ffb5	0.0001979977977795	0.0100978876867594	d__Bacteria; p__Bacteroidota; c__Bacteroidia; o__Bacteroidales; f__Bacteroidaceae; g__Bacteroides; s__uncultured_bacterium		Bacteroides
ASV110	333bbf9224442fc10cd497377d2b1d01	0.0001972503217534	0.0093267541400321	d__Bacteria; p__Bacteroidota; c__Bacteroidia; o__Bacteroidales; f__Bacteroidaceae; g__Bacteroides; s__uncultured_bacterium		Bacteroides
ASV111	46716caed3b0e69ca78886788015d968	0.0001914389166018	0.0092488262910798	d__Bacteria; p__Firmicutes; c__Clostridia; o__Clostridiales; f__Clostridiaceae; g__Clostridium_sensu_stricto_1; s__uncultured_bacterium		Clostridium_sensu_stricto_1
ASV112	cf75ad4f2d4d882b28ad47ccb4f712d1	0.0001887435936967	0.0096259232785322	d__Bacteria; p__Proteobacteria; c__Gammaproteobacteria; o__Enterobacterales; f__Enterobacteriaceae; g__Enterobacter		Enterobacter
ASV113	b601b2ea2b069de7516ec6135c79ee29	0.0001829818501375	0.0044198166105943	d__Bacteria; p__Actinobacteriota; c__Actinobacteria; o__Corynebacteriales; f__Corynebacteriaceae; g__Corynebacterium		Corynebacterium
ASV114	821130ba72e86c335c55c269f31db0d0	0.0001803500362077	0.0081131544240771	d__Bacteria; p__Firmicutes; c__Clostridia; o__Clostridiales; f__Clostridiaceae; g__Clostridium_sensu_stricto_1; s__uncultured_bacterium		Clostridium_sensu_stricto_1
ASV115	b848e1599bf7ab43f3c28504c291d9d3	0.0001779748844701	0.0085680751173708	d__Bacteria; p__Firmicutes; c__Clostridia; o__Clostridiales; f__Clostridiaceae; g__Clostridium_sensu_stricto_1; s__uncultured_bacterium		Clostridium_sensu_stricto_1
ASV116	2e4f2b53b856c4def6d021d01f5abb70	0.0001777788801096	0.0063884595569294	d__Bacteria; p__Firmicutes; c__Clostridia; o__Lachnospirales; f__Lachnospiraceae; g__Dorea; s__uncultured_bacterium		Dorea
ASV117	9c4d4b6d306824a963a9ea03bf5ed140	0.0001767548291091	0.0090144962845657	d__Bacteria; p__Proteobacteria; c__Gammaproteobacteria; o__Enterobacterales; f__Enterobacteriaceae; g__Escherichia-Shigella; s__Escherichia_coli	Escherichia_coli	Escherichia-Shigella
ASV118	6dbbc45b73ff99a9206b46a6687d9e79	0.0001762515431408	0.0084624413145539	d__Bacteria; p__Firmicutes; c__Clostridia; o__Clostridiales; f__Clostridiaceae; g__Clostridium_sensu_stricto_1; s__uncultured_bacterium		Clostridium_sensu_stricto_1
ASV119	e3055f1b3a2ef5ffe239567f02e0e758	0.0001753170691777	0.0087416400116312	d__Bacteria; p__Firmicutes; c__Bacilli; o__Lactobacillales; f__Streptococcaceae; g__Streptococcus; s__Streptococcus_agalactiae	Streptococcus_agalactiae	Streptococcus
ASV120	98733e7d335f309921890faeea796c8c	0.0001706656145401	0.0049945182117188	d__Bacteria; p__Firmicutes; c__Clostridia; o__Christensenellales; f__Christensenellaceae; g__Christensenellaceae_R-7_group; s__uncultured_bacterium		Christensenellaceae_R-7_group
ASV121	caea322863a57bb2b14c7317fa120dc4	0.0001639152507885	0.005667181865018	d__Bacteria; p__Firmicutes; c__Clostridia; o__Lachnospirales; f__Lachnospiraceae; g__Lachnospiraceae_NK4A136_group; s__uncultured_bacterium		Lachnospiraceae_NK4A136_group
ASV122	db49c9326687071f8b4d0851a2833629	0.0001638809235315	0.0080809859154929	d__Bacteria; p__Firmicutes; c__Clostridia; o__Clostridiales; f__Clostridiaceae; g__Clostridium_sensu_stricto_1		Clostridium_sensu_stricto_1
ASV123	35cbb315e019e0a8768d4b73862df415	0.0001632462103488	0.0043276661514683	d__Bacteria; p__Actinobacteriota; c__Coriobacteriia; o__Coriobacteriales; f__Coriobacteriaceae; g__Collinsella; s__uncultured_bacterium		Collinsella
ASV124	1902045fa7900495d421b8a8f308eb85	0.0001618617893746	0.0082549512581093	d__Bacteria; p__Actinobacteriota; c__Actinobacteria; o__Micrococcales; f__Micrococcaceae; g__Rothia; s__uncultured_bacterium		Rothia
ASV125	21a5f035ee23a6b58a9fc3c96908bbd7	0.0001617095712828	0.0082471881354245	d__Bacteria; p__Firmicutes; c__Bacilli; o__Staphylococcales; f__Staphylococcaceae; g__Staphylococcus		Staphylococcus
ASV126	05b2cb29d088f6a3316dcd5721fb732a	0.0001595918877646	0.0070812063645541	d__Bacteria; p__Firmicutes; c__Bacilli; o__Staphylococcales; f__Staphylococcaceae; g__Staphylococcus		Staphylococcus
ASV127	e48e3b3d89c48e5958ad6d5d72ebba81	0.0001586456196811	0.0080909266037372	d__Bacteria; p__Firmicutes; c__Bacilli; o__Lactobacillales; f__Enterococcaceae; g__Enterococcus		Enterococcus
ASV128	28fc5b4c98e618c2d8b58303c777ae23	0.0001535493125637	0.0078310149407521	d__Bacteria; p__Actinobacteriota; c__Actinobacteria; o__Micrococcales; f__Microbacteriaceae; g__Leifsonia		Leifsonia
ASV129	a868201429067d69e423117dcd041d33	0.0001508217802281	0.0074584253648431	d__Bacteria; p__Bacteroidota; c__Bacteroidia; o__Bacteroidales; f__Prevotellaceae; g__Prevotella; s__uncultured_bacterium		Prevotella
ASV130	f1c14db955660c59d2d2ac233bb9bac8	0.0001424412498403	0.0063030468518897	d__Bacteria; p__Firmicutes; c__Negativicutes; o__Veillonellales-Selenomonadales; f__Veillonellaceae; g__Negativicoccus		Negativicoccus
ASV131	b4d07c2a22af0c99c73cf9722200d878	0.0001346132103544	0.0062854198866563	d__Bacteria; p__Firmicutes; c__Clostridia; o__Lachnospirales; f__Lachnospiraceae; g__Lachnospiraceae_NK4A136_group; s__uncultured_bacterium		Lachnospiraceae_NK4A136_group
ASV132	f8a5e31abd123fe502965a7d6884cfd7	0.0001333454556474	0.0068006182380216	d__Bacteria; p__Firmicutes; c__Bacilli; o__Lactobacillales; f__Lactobacillaceae; g__Lactobacillus		Lactobacillus
ASV133	b31b66c7b9278a267be1e80022ef5631	0.0001310625053261	0.006684187771634	d__Bacteria; p__Firmicutes; c__Negativicutes; o__Veillonellales-Selenomonadales; f__Veillonellaceae; g__Negativicoccus		Negativicoccus
ASV134	da6a7cba87e0895b9cbe6037b9bd8b3b	0.0001272842985725	0.0064914992272024	d__Bacteria; p__Bacteroidota; c__Bacteroidia; o__Bacteroidales; f__Prevotellaceae; g__Prevotella; s__uncultured_bacterium		Prevotella
ASV135	9e3e61ab8f8501e49dfd6f9a0af91d14	0.0001216451152666	0.006156952521791	d__Bacteria; p__Firmicutes; c__Clostridia; o__Peptostreptococcales-Tissierellales; f__Peptostreptococcales-Tissierellales; g__Anaerococcus; s__uncultured_bacterium		Anaerococcus
ASV136	0c579d21280801f02a641e1608606927	0.0001214470541811	0.0039155074703761	d__Bacteria; p__Actinobacteriota; c__Actinobacteria; o__Micrococcales; f__Micrococcaceae; g__Micrococcus		Micrococcus
ASV137	7759604db6eb1f89e430cab74dcbc5df	0.0001212231414977	0.0061823802163833	d__Bacteria; p__Bacteroidota; c__Bacteroidia; o__Bacteroidales; f__Rikenellaceae; g__Rikenellaceae_RC9_gut_group; s__uncultured_bacterium		Rikenellaceae_RC9_gut_group
ASV138	cc5602dc31168a60e21718aa480589d9	0.0001212231414977	0.0061823802163833	d__Bacteria; p__Bacteroidota; c__Bacteroidia; o__Flavobacteriales; f__Weeksellaceae; g__Cloacibacterium; s__uncultured_bacterium		Cloacibacterium
ASV139	7d135dfbf857c62673695ef24332b100	0.0001207595543012	0.0028391630815274	d__Bacteria; p__Actinobacteriota; c__Actinobacteria; o__Micrococcales; f__Micrococcaceae; g__Rothia; s__uncultured_bacterium		Rothia
ASV140	e5c19d7800b18015f3a917fc015fc42f	0.000119202755806	0.0060793405461102	d__Bacteria; p__Proteobacteria; c__Gammaproteobacteria; o__Pseudomonadales; f__Moraxellaceae; g__Enhydrobacter; s__uncultured_bacterium		Enhydrobacter
ASV141	b0e43560b16528c07ae400cbe97dbf7f	0.0001171823701144	0.0059763008758372	d__Bacteria; p__Firmicutes; c__Clostridia; o__Lachnospirales; f__Lachnospiraceae; g__Roseburia; s__uncultured_bacterium		Roseburia
ASV142	22b3c70cdfb1714224e1bf8a6314bee9	0.0001159268712068	0.00244571786085	d__Bacteria; p__Firmicutes; c__Clostridia; o__Peptostreptococcales-Tissierellales; f__Peptostreptococcales-Tissierellales; g__Finegoldia; s__uncultured_bacterium		Finegoldia
ASV143	9639a3291729a3758207b47715d9205f	0.0001109605086639	0.0023957445080602	d__Bacteria; p__Firmicutes; c__Clostridia; o__Oscillospirales; f__Ruminococcaceae; g__Subdoligranulum; s__uncultured_bacterium		Subdoligranulum
ASV144	df14354ec277348c54d0c9dd49eb4da0	0.0001108966030112	0.0054931192152939	d__Bacteria; p__Firmicutes; c__Clostridia; o__Oscillospirales; f__Ruminococcaceae; g__[Eubacterium]_siraeum_group; s__uncultured_bacterium		[Eubacterium]_siraeum_group
ASV145	6158f711f8b2415c568d5da73cfa04b4	0.0001070804416563	0.0054611025244719	d__Bacteria; p__Proteobacteria; c__Alphaproteobacteria; o__Rhodobacterales; f__Rhodobacteraceae		
ASV146	6db169339ee5897780e713c44784d74a	0.0001050600559646	0.0053580628541988	d__Bacteria; p__Firmicutes; c__Clostridia; o__Clostridia_UCG-014; f__Clostridia_UCG-014; g__Clostridia_UCG-014; s__uncultured_bacterium		Clostridia_UCG-014
ASV147	00a96fbd0ac34bfd245f9c24f8737f7d	0.0001039460129387	0.0050489438433797	d__Bacteria; p__Firmicutes; c__Clostridia; o__Lachnospirales; f__Lachnospiraceae; g__Blautia; s__uncultured_bacterium		Blautia
ASV148	8d35d777e6abf2644eb139cf26bf2cbc	0.0001033217615112	0.0051592847533339	d__Bacteria; p__Firmicutes; c__Negativicutes; o__Veillonellales-Selenomonadales; f__Veillonellaceae; g__Veillonella; s__uncultured_bacterium		Veillonella
ASV149	c48070f3061b086b60ff32f77e0002fa	0.0001018072066899	0.0049133065334795	d__Bacteria; p__Firmicutes; c__Clostridia; o__Oscillospirales; f__Ruminococcaceae; g__Subdoligranulum; s__uncultured_bacterium		Subdoligranulum
ASV150	1926880b82ebdbed3f994a5cab4598ef	9.28962300977047e-05	0.0047377077349829	d__Bacteria; p__Firmicutes; c__Bacilli; o__Staphylococcales; f__Staphylococcaceae; g__Staphylococcus		Staphylococcus
ASV151	8012da7c810e58147175f741af2a78d2	8.88969704316554e-05	0.0045337454920144	d__Bacteria; p__Proteobacteria; c__Gammaproteobacteria; o__Burkholderiales; f__Comamonadaceae; g__Pelomonas		Pelomonas
ASV152	8d1761da3df16fe43e34eea0112ba8fd	8.73113386668472e-05	0.0044528782720092	d__Bacteria; p__Bacteroidota; c__Bacteroidia; o__Bacteroidales; f__Tannerellaceae; g__Parabacteroides		Parabacteroides
ASV153	8e09caaee61bd482522f087e96e093de	8.64579373942527e-05	0.0029881504379186	d__Bacteria; p__Firmicutes; c__Bacilli; o__Bacillales; f__Bacillaceae; g__Geobacillus; s__Geobacillus_sp.	Geobacillus_sp.	Geobacillus
ASV154	0a68ec564e278b0246c920ad7de41880	8.36267698735027e-05	0.0041011897510862	d__Bacteria; p__Firmicutes; c__Clostridia; o__Lachnospirales; f__Lachnospiraceae; g__Blautia		Blautia
ASV155	b022b5312f30be684bdd2cc66030dea5	8.34393025574605e-05	0.0042554044304304	d__Bacteria; p__Firmicutes; c__Negativicutes; o__Veillonellales-Selenomonadales; f__Veillonellaceae; g__Veillonella; s__uncultured_bacterium		Veillonella
ASV156	545897c06d99e94bc65d6bab8099d98a	7.52554542943938e-05	0.003838028169014	d__Bacteria; p__Firmicutes; c__Negativicutes; o__Veillonellales-Selenomonadales; f__Veillonellaceae; g__Veillonella; s__uncultured_bacterium		Veillonella
ASV157	9e1f282914b07cd79711ce21e7cf4aff	7.43539027474695e-05	0.0020607934054611	d__Bacteria; p__Firmicutes; c__Clostridia; o__Lachnospirales; f__Lachnospiraceae; g__[Eubacterium]_eligens_group; s__uncultured_bacterium		[Eubacterium]_eligens_group
ASV158	0dcf5023e96fb8175d7bf02d900c9dd1	7.19328903596902e-05	0.0028851107676455	d__Bacteria; p__Firmicutes; c__Clostridia; o__Oscillospirales; f__[Eubacterium]_coprostanoligenes_group; g__[Eubacterium]_coprostanoligenes_group; s__uncultured_bacterium		[Eubacterium]_coprostanoligenes_group
ASV159	3ebe761bfb1238c87195d431f41bf976	7.14630743980282e-05	0.002108170979936	d__Bacteria; p__Proteobacteria; c__Gammaproteobacteria; o__Pseudomonadales; f__Moraxellaceae; g__Acinetobacter		Acinetobacter
ASV160	a2d300d1e9c621dbc5239cc092d433c3	7.07134992069986e-05	0.0036063884595569	d__Bacteria; p__Firmicutes; c__Clostridia; o__Clostridia_UCG-014; f__Clostridia_UCG-014; g__Clostridia_UCG-014; s__uncultured_bacterium		Clostridia_UCG-014
ASV161	f725c280e0de2c4d75f7def4862ec9b3	7.07134992069986e-05	0.0036063884595569	d__Bacteria; p__Firmicutes; c__Clostridia; o__Lachnospirales; f__Lachnospiraceae; g__Blautia		Blautia
ASV162	8b194fafb8ddf32495915cd5cd046afa	7.00649773045207e-05	0.0035733138425305	d__Bacteria; p__Bacteroidota; c__Bacteroidia; o__Bacteroidales; f__Bacteroidaceae; g__Bacteroides		Bacteroides
ASV163	601101d33cdf43a40bd674a50711af52	6.87518334172172e-05	0.0025175620254192	d__Bacteria; p__Firmicutes; c__Clostridia; o__Lachnospirales; f__Lachnospiraceae; g__Roseburia; s__uncultured_bacterium		Roseburia
ASV164	7f1556167c64b1b45c70bf2dc77c4074	6.86931135153701e-05	0.0035033487892838	d__Bacteria; p__Firmicutes; c__Clostridia; o__Peptostreptococcales-Tissierellales; f__Peptostreptococcaceae; g__Romboutsia; s__uncultured_bacterium		Romboutsia
ASV165	45c80843dac191f771b11018ff90d94c	6.76763985327757e-05	0.0034514963251715	d__Bacteria; p__Firmicutes; c__Clostridia; o__Oscillospirales; f__Ruminococcaceae; g__Ruminococcus; s__uncultured_bacterium		Ruminococcus
ASV166	1b23e74fb43b2b8a2d20b91679cf8e0e	6.69290881848742e-05	0.0034133834974285	d__Bacteria; p__Actinobacteriota; c__Actinobacteria; o__Bifidobacteriales; f__Bifidobacteriaceae; g__Bifidobacterium; s__Bifidobacterium_animalis	Bifidobacterium_animalis	Bifidobacterium
ASV167	e865f29a716e8d51f83931befa951240	6.48523266560585e-05	0.0015430218865472	d__Bacteria; p__Firmicutes; c__Bacilli; o__Erysipelotrichales; f__Erysipelatoclostridiaceae; g__Erysipelotrichaceae_UCG-003; s__uncultured_bacterium		Erysipelotrichaceae_UCG-003
ASV168	3d675bc2e3ca7ae2dbd80044122f82b0	6.46596485344522e-05	0.003297642075257	d__Bacteria; p__Firmicutes; c__Clostridia; o__Oscillospirales; f__Ruminococcaceae; g__Ruminococcus; s__uncultured_bacterium		Ruminococcus
ASV169	e603a72ebbc7a4fcb5a657b52c3e8c50	6.4652342132113e-05	0.0032972694487377	d__Bacteria; p__Proteobacteria; c__Alphaproteobacteria; o__Rhodospirillales; f__uncultured; g__uncultured; s__uncultured_bacterium		
ASV170	e367dacc4cf58de7164775e5899d4ab2	6.37156286858447e-05	0.0022668727460072	d__Bacteria; p__Firmicutes; c__Clostridia; o__Oscillospirales; f__Ruminococcaceae; g__DTU089		DTU089
ASV171	d829bee4984f82ffc2453212157caf96	6.34859617395153e-05	0.0032377840487152	d__Bacteria; p__Proteobacteria; c__Alphaproteobacteria; o__Rhizobiales; f__Xanthobacteraceae; g__Bradyrhizobium; s__Bradyrhizobium_sp.	Bradyrhizobium_sp.	Bradyrhizobium
ASV172	88ed46631bcc4e61133318d13fa97a7d	6.26319564404845e-05	0.0031942297784647	d__Bacteria; p__Bacteroidota; c__Bacteroidia; o__Bacteroidales; f__Rikenellaceae; g__Rikenellaceae_RC9_gut_group; s__uncultured_bacterium		Rikenellaceae_RC9_gut_group
ASV173	948cadc1d282b8b41c73e208b1c7c9b9	6.26319564404845e-05	0.0031942297784647	d__Bacteria; p__Proteobacteria; c__Alphaproteobacteria; o__Rhizobiales; f__Pleomorphomonadaceae		
ASV174	782a79a0725adc6ac22fc1fd15933a12	5.78715468834321e-05	0.0026912300426259	d__Bacteria; p__Firmicutes; c__Bacilli; o__Erysipelotrichales; f__Erysipelotrichaceae; g__Holdemanella; s__uncultured_bacterium		Holdemanella
ASV175	c67ba62f34a05261ea7a810ff643a52c	5.67028430805521e-05	0.0028918449971081	d__Bacteria; p__Firmicutes; c__Clostridia; o__Peptostreptococcales-Tissierellales; f__Peptostreptococcales-Tissierellales; g__Anaerococcus; s__uncultured_bacterium		Anaerococcus
ASV176	a3d84e3dd01bf64f4bf18d315070db0d	5.65707993655989e-05	0.0028851107676455	d__Bacteria; p__Firmicutes; c__Clostridia; o__Lachnospirales; f__Lachnospiraceae; g__Roseburia; s__uncultured_bacterium		Roseburia
ASV177	e4e14a1ee98cb07be095fd3da22a9eb5	5.65707993655989e-05	0.0028851107676455	d__Bacteria; p__Firmicutes; c__Clostridia; o__Oscillospirales; f__Ruminococcaceae; g__Ruminococcus; s__uncultured_bacterium		Ruminococcus
ASV178	51d4f17b8dda9f7d972bf3dd0ecc4e59	5.64114625596297e-05	0.0025759917568263	d__Bacteria; p__Bacteroidota; c__Bacteroidia; o__Bacteroidales; f__Rikenellaceae; g__Alistipes; s__uncultured_bacterium		Alistipes
ASV179	edf42f357f8934fc004c334c5c7b5e6e	5.50855095938032e-05	0.001713003333053	d__Bacteria; p__Bacteroidota; c__Bacteroidia; o__Bacteroidales; f__Prevotellaceae; g__Paraprevotella; s__uncultured_bacterium		Paraprevotella
ASV180	bf611493002f5918a68778bde2def567	5.38797026422897e-05	0.0027478648347567	d__Bacteria; p__Bacteroidota; c__Bacteroidia; o__Bacteroidales; f__Bacteroidaceae; g__Bacteroides; s__uncultured_bacterium		Bacteroides
ASV181	2ef1e51ab1cf99a3c6417b05a060830e	5.3783257263768e-05	0.0026511752173347	d__Bacteria; p__Firmicutes; c__Bacilli; o__Lactobacillales; f__Lactobacillaceae; g__Lactobacillus; s__uncultured_bacterium		Lactobacillus
ASV182	08f3c5f0bdb1cf7b18caed19b35d455b	5.35844814682148e-05	0.0027328085548789	d__Bacteria; p__Proteobacteria; c__Alphaproteobacteria; o__Tistrellales; f__Geminicoccaceae; g__Geminicoccus		Geminicoccus
ASV183	c84d13308b8608a006759b82fcb5e4ac	5.23506076912958e-05	0.0020607934054611	d__Bacteria; p__Firmicutes; c__Clostridia; o__Lachnospirales; f__Lachnospiraceae; g__Blautia; s__uncultured_bacterium		Blautia
ASV184	6b5c5532185593c41966b2173ea9df1c	5.17002129777264e-05	0.002636710861864	d__Bacteria; p__Firmicutes; c__Clostridia; o__Lachnospirales; f__Lachnospiraceae; g__Lachnoclostridium		Lachnoclostridium
ASV185	eae880eaa9c99650e399d9b4eb5dd3b0	5.11659735264156e-05	0.0025352112676056	d__Bacteria; p__Firmicutes; c__Negativicutes; o__Veillonellales-Selenomonadales; f__Veillonellaceae; g__Veillonella; s__uncultured_bacterium		Veillonella
ASV186	8e175abe6a746b8f33bae9cd7c8192bb	5.07414411373046e-05	0.0012539021172659	d__Bacteria; p__Firmicutes; c__Clostridia; o__Oscillospirales; f__Ruminococcaceae; g__Faecalibacterium; s__uncultured_bacterium		Faecalibacterium
ASV187	918788cced4ac288f245ec7fa199069d	5.05096422907133e-05	0.0025759917568263	d__Bacteria; p__Firmicutes; c__Clostridia; o__Lachnospirales; f__Lachnospiraceae; g__Roseburia; s__uncultured_bacterium		Roseburia
ASV188	db2b55faf009ff5367871365b5b99e40	5.05096422907133e-05	0.0025759917568263	d__Bacteria; p__Firmicutes; c__Clostridia; o__Lachnospirales; f__Lachnospiraceae; g__Lachnoclostridium; s__uncultured_bacterium		Lachnoclostridium
ASV189	ca9c66d47347c03d0343d6fe03ed8636	5.02993597834613e-05	0.0025652673489565	d__Bacteria; p__Proteobacteria; c__Gammaproteobacteria; o__Pasteurellales; f__Pasteurellaceae; g__Haemophilus; s__uncultured_bacterium		Haemophilus
ASV190	332a6411ff00b4010ac2397f504c4695	5.02250860899425e-05	0.0024729520865533	d__Bacteria; p__Bacteroidota; c__Bacteroidia; o__Bacteroidales; f__Rikenellaceae; g__Alistipes; s__uncultured_bacterium		Alistipes
ASV191	7d78ed99b08bd1723065fdd795d17e9c	4.96181065570038e-05	0.0013223939596456	d__Bacteria; p__Actinobacteriota; c__Actinobacteria; o__Corynebacteriales; f__Corynebacteriaceae; g__Corynebacterium; s__uncultured_bacterium		Corynebacterium
ASV192	59ba9f240cb3decca65cc0d6ac0c6e04	4.9028674789845e-05	0.002500462414282	d__Bacteria; p__Firmicutes; c__Bacilli; o__Lactobacillales; f__Streptococcaceae; g__Streptococcus; s__Streptococcus_salivarius	Streptococcus_salivarius	Streptococcus
ASV193	864267f12bedace19272af56224498c7	4.84892565990848e-05	0.0024729520865533	d__Bacteria; p__Proteobacteria; c__Gammaproteobacteria; o__Burkholderiales; f__Neisseriaceae; g__uncultured; s__uncultured_bacterium		
ASV194	e0f7bdf2974c6f61534b16e0886f6670	4.84892565990848e-05	0.0024729520865533	d__Bacteria; p__Firmicutes; c__Clostridia; o__Clostridia_UCG-014; f__Clostridia_UCG-014; g__Clostridia_UCG-014; s__uncultured_bacterium		Clostridia_UCG-014
ASV195	77ba014786678739b81437090e5ad615	4.84892565990848e-05	0.0024729520865533	d__Bacteria; p__Firmicutes; c__Clostridia; o__Oscillospirales; f__Ethanoligenenaceae; g__Ethanoligenens		Ethanoligenens
ASV196	03611620d314bc7305dd6eef2572258a	4.81883586563158e-05	0.0024576062914721	d__Bacteria; p__Proteobacteria; c__Gammaproteobacteria; o__Enterobacterales; f__Enterobacteriaceae		
ASV197	5d5f9ea96902c7e15830ff9763324c68	4.76359872980945e-05	0.0024294353522028	d__Bacteria; p__Bacteroidota; c__Bacteroidia; o__Bacteroidales; f__Bacteroidaceae; g__Bacteroides; s__uncultured_bacterium		Bacteroides
ASV198	d7348b86110af99c20176a0c0aa0697a	4.73969940240769e-05	0.0020607934054611	d__Bacteria; p__Cyanobacteria; c__Vampirivibrionia; o__Obscuribacterales; f__Obscuribacteraceae; g__Candidatus_Obscuribacter; s__uncultured_bacterium		Candidatus_Obscuribacter
ASV199	6ec1023583647a401269990c4e8ad716	4.72629186787334e-05	0.0020607934054611	d__Bacteria; p__Firmicutes; c__Clostridia; o__Lachnospirales; f__Lachnospiraceae; g__Lachnospira; s__uncultured_bacterium		Lachnospira
ASV200	16b70d80375953c562b16a30c17bab75	4.64688709074562e-05	0.0023699124162802	d__Bacteria; p__Actinobacteriota; c__Actinobacteria; o__Bifidobacteriales; f__Bifidobacteriaceae; g__Bifidobacterium		Bifidobacterium
ASV201	da2000d6101200967a7366901caf1b16	4.64688709074562e-05	0.0023699124162802	d__Bacteria; p__Desulfobacterota; c__Desulfovibrionia; o__Desulfovibrionales; f__Desulfovibrionaceae; g__Desulfovibrio; s__uncultured_bacterium		Desulfovibrio
ASV202	9bb276530d60c2d320b7fd8bc8cf8613	4.44484852158277e-05	0.0022668727460072	d__Bacteria; p__Proteobacteria; c__Gammaproteobacteria; o__Burkholderiales; f__Comamonadaceae		
ASV203	776c7a9c58e35bae792217b0f6daa75c	4.44484852158277e-05	0.0022668727460072	d__Bacteria; p__Bacteroidota; c__Bacteroidia; o__Bacteroidales; f__Bacteroidaceae; g__Bacteroides; s__uncultured_bacterium		Bacteroides
ASV204	9911d26664d0f09b184c8548c27180dc	4.39164861187018e-05	0.0022397407920537	d__Bacteria; p__Bacteroidota; c__Bacteroidia; o__Bacteroidales; f__Prevotellaceae; g__Prevotella; s__uncultured_bacterium		Prevotella
ASV205	6851a4ee264b56be2fff4686ce269907	4.39032029299499e-05	0.0016486347243688	d__Bacteria; p__Firmicutes; c__Clostridia; o__Lachnospirales; f__Lachnospiraceae; g__[Eubacterium]_hallii_group; s__uncultured_bacterium		[Eubacterium]_hallii_group
ASV206	96cf4779be686036f92ee15e58b72d52	4.37051123623635e-05	0.0021821980444318	d__Bacteria; p__Firmicutes; c__Negativicutes; o__Acidaminococcales; f__Acidaminococcaceae; g__Phascolarctobacterium; s__uncultured_bacterium		Phascolarctobacterium
ASV207	81d7a6a6b56f42274f9675991c1d8cbd	4.3226012313912e-05	0.0022045266280095	d__Bacteria; p__Firmicutes; c__Bacilli; o__Staphylococcales; f__Gemellaceae; g__Gemella; s__uncultured_bacterium		Gemella
ASV208	930afe0e90869cb1137f835ea9bcba47	4.25810682421393e-05	0.0021716344803491	d__Bacteria; p__Firmicutes; c__Clostridia; o__Lachnospirales; f__Lachnospiraceae; g__[Ruminococcus]_gnavus_group; s__uncultured_bacterium		[Ruminococcus]_gnavus_group
ASV209	733c36b6c771b507bfe153cd0183fd42	4.24280995241992e-05	0.0021638330757341	d__Bacteria; p__Firmicutes; c__Negativicutes; o__Veillonellales-Selenomonadales; f__Veillonellaceae; g__Veillonella		Veillonella
ASV210	742e1f191223f58590661de80b9d6e3b	4.22061530208292e-05	0.001957753735188	d__Bacteria; p__Bacteroidota; c__Bacteroidia; o__Bacteroidales; f__Rikenellaceae; g__Alistipes; s__uncultured_bacterium		Alistipes
ASV211	d9eea834805833ac21a86fdabedd8556	4.06058391196654e-05	0.0020708977951029	d__Bacteria; p__Firmicutes; c__Clostridia; o__Oscillospirales; f__Ruminococcaceae; g__Ruminococcus; s__uncultured_bacterium		Ruminococcus
ASV212	41175466da34bfa5fc95f6ea21fe53ef	4.04077138325706e-05	0.0020607934054611	d__Bacteria; p__Firmicutes; c__Clostridia; o__Lachnospirales; f__Lachnospiraceae; g__uncultured; s__uncultured_bacterium		
ASV213	6616dc3bd6aeb3e26b9b2218290ea574	3.82861036575836e-05	0.0014872587077669	d__Bacteria; p__Bacteroidota; c__Bacteroidia; o__Bacteroidales; f__Bacteroidaceae; g__Bacteroides; s__uncultured_bacterium		Bacteroides
ASV214	4773b79e0f29c6208abc81ea91d5ac54	3.78614126675549e-05	0.0019309320460453	d__Bacteria; p__Proteobacteria; c__Gammaproteobacteria; o__Enterobacterales; f__Enterobacteriaceae; g__Enterobacter		Enterobacter
ASV215	f98171a83c21fa4e104fa658a6a9064d	3.70321291644972e-05	0.0018886385873893	d__Bacteria; p__Bacteroidota; c__Bacteroidia; o__Bacteroidales; f__Tannerellaceae; g__Parabacteroides; s__uncultured_bacterium		Parabacteroides
ASV216	c391ee7c6e54a07f16982035dab79842	3.6693721005408e-05	0.0018713797712758	d__Bacteria; p__Proteobacteria; c__Gammaproteobacteria; o__Pseudomonadales; f__Moraxellaceae; g__Acinetobacter		Acinetobacter
ASV217	36d9ad396b85196c9b4cf68b81789585	3.64516681055853e-05	0.0014961114381703	d__Bacteria; p__Firmicutes; c__Clostridia; o__Lachnospirales; f__Lachnospiraceae; g__Lachnospira; s__uncultured_bacterium		Lachnospira
ASV218	3350b1be35fed93ddf7b94d0101c4fe9	3.63669424493136e-05	0.0018547140649149	d__Bacteria; p__Firmicutes; c__Clostridia; o__Lachnospirales; f__Lachnospiraceae; g__Lachnospiraceae_UCG-004; s__uncultured_bacterium		Lachnospiraceae_UCG-004
ASV219	c5ec23b5e73a33133aa0fcf9acd58650	3.63669424493136e-05	0.0018547140649149	d__Bacteria; p__Firmicutes; c__Clostridia; o__Oscillospirales; f__Oscillospiraceae; g__Colidextribacter; s__uncultured_bacterium		Colidextribacter
ASV220	938eea2f58fe4aef7d8a8e4888d18692	3.63669424493136e-05	0.0018547140649149	d__Bacteria; p__Firmicutes; c__Clostridia; o__Lachnospirales; f__Lachnospiraceae; g__[Ruminococcus]_torques_group; s__uncultured_bacterium		[Ruminococcus]_torques_group
ASV221	84823877242506713c7e88586765a38a	3.63669424493136e-05	0.0018547140649149	d__Bacteria; p__Bacteroidota; c__Bacteroidia; o__Flavobacteriales; f__Weeksellaceae; g__Bergeyella		Bergeyella
ASV222	db7f42d2a4ded289e177bb4c00edff61	3.6344853723064e-05	0.0017572669850698	d__Bacteria; p__Firmicutes; c__Clostridia; o__Lachnospirales; f__Lachnospiraceae; g__Lachnospiraceae_NK4A136_group; s__uncultured_bacterium		Lachnospiraceae_NK4A136_group
ASV223	208c0c43c7c5d4a6bb549e0c8365cd21	3.48709127910768e-05	0.0011287231264302	d__Bacteria; p__Firmicutes; c__Clostridia; o__Lachnospirales; f__Lachnospiraceae; g__[Eubacterium]_eligens_group		[Eubacterium]_eligens_group
ASV224	1a314514be3c0bf8f80e9cbe7e4974fc	3.47285485868018e-05	0.0012364760432766	d__Bacteria; p__Cyanobacteria; c__Vampirivibrionia; o__Obscuribacterales; f__Obscuribacteraceae; g__Obscuribacteraceae; s__uncultured_bacterium		Obscuribacteraceae
ASV225	0eed6ff247348d5f4b955f7d254a4956	3.4346556757685e-05	0.0017516743946419	d__Bacteria; p__Firmicutes; c__Clostridia; o__Lachnospirales; f__Lachnospiraceae; g__[Eubacterium]_ventriosum_group; s__uncultured_bacterium		[Eubacterium]_ventriosum_group
ASV226	978fa6106c8663cdf9286b801ea02ce8	3.39842595118651e-05	0.0017331972351051	d__Bacteria; p__Firmicutes; c__Bacilli; o__Lactobacillales; f__Lactobacillaceae; g__Lactobacillus; s__uncultured_bacterium		Lactobacillus
ASV227	bd6cf3f5a66cefd7b96fb6cf75d23cd2	3.35071558989375e-05	0.001642181489826	d__Bacteria; p__Firmicutes; c__Bacilli; o__RF39; f__RF39; g__RF39; s__uncultured_bacterium		RF39
ASV228	7fb08fa9b7b2eef6a3db57d0de769227	3.34496626353404e-05	0.0016589844375948	d__Bacteria; p__Firmicutes; c__Clostridia; o__Peptostreptococcales-Tissierellales; f__Peptostreptococcales-Tissierellales; g__Peptoniphilus; s__uncultured_bacterium		Peptoniphilus
ASV229	f3384f1f36a908bd09b3c265bac26f8c	3.30477338594149e-05	0.0016854344268301	d__Bacteria; p__Proteobacteria; c__Gammaproteobacteria; o__Pasteurellales; f__Pasteurellaceae; g__Haemophilus; s__Haemophilus_pittmaniae	Haemophilus_pittmaniae	Haemophilus
ASV230	eb5078f3e7fb4dc4a51de4b67f5848ba	3.23261710660565e-05	0.0016486347243688	d__Bacteria; p__Proteobacteria; c__Gammaproteobacteria; o__Enterobacterales; f__Enterobacteriaceae; g__Escherichia-Shigella; s__uncultured_bacterium		Escherichia-Shigella
ASV231	929f7e001bad0a6674c260a8cc2e7fca	3.23261710660565e-05	0.0016486347243688	d__Bacteria; p__Actinobacteriota; c__Actinobacteria; o__Corynebacteriales; f__Corynebacteriaceae; g__Corynebacterium; s__uncultured_bacterium		Corynebacterium
ASV232	e8386d3a307c208c4b9f0a756259cd6b	3.22592589998479e-05	0.0012819425199596	d__Bacteria; p__Proteobacteria; c__Gammaproteobacteria; o__Pseudomonadales; f__Moraxellaceae; g__Acinetobacter		Acinetobacter
ASV233	4bd01f90398375480101204bbcdd2ceb	3.18726672171564e-05	0.0015270959945821	d__Bacteria; p__Firmicutes; c__Clostridia; o__Oscillospirales; f__Oscillospiraceae; g__UCG-005; s__uncultured_bacterium		UCG-005
ASV234	5648dccee530d68ceb3e4d7d22cf8756	3.16979336508825e-05	0.001616594616195	d__Bacteria; p__Proteobacteria; c__Gammaproteobacteria; o__Pseudomonadales; f__Pseudomonadaceae; g__Pseudomonas; s__Pseudomonas_sp.	Pseudomonas_sp.	Pseudomonas
ASV235	df8456a1abbfb4c8a2c450b44378d4cb	3.10195644985996e-05	0.0014890087642533	d__Bacteria; p__Actinobacteriota; c__Actinobacteria; o__Actinomycetales; f__Actinomycetaceae; g__Actinomyces; s__uncultured_bacterium		Actinomyces
ASV236	278dbede87dc46549f11608c9712d5ff	3.05803717699482e-05	0.0015595989602673	d__Bacteria; p__Bacteroidota; c__Bacteroidia; o__Bacteroidales; f__Tannerellaceae; g__Parabacteroides; s__uncultured_bacterium		Parabacteroides
ASV237	d66c685805b106dd61ce0863fa1a510b	3.0305785374428e-05	0.0015455950540958	d__Bacteria; p__Firmicutes; c__Clostridia; o__Oscillospirales; f__Ruminococcaceae; g__UBA1819; s__uncultured_organism		UBA1819
ASV238	cbda8d48c44ab0492cce5d1674c7a346	3.0305785374428e-05	0.0015455950540958	d__Bacteria; p__Actinobacteriota; c__Coriobacteriia; o__Coriobacteriales; f__Eggerthellaceae; g__uncultured; s__uncultured_bacterium		
ASV239	7dbd511ba9967b8d4e0ad7b44b001f7b	3.0305785374428e-05	0.0015455950540958	d__Bacteria; p__Firmicutes; c__Clostridia; o__Oscillospirales; f__Ruminococcaceae; g__Ruminococcus; s__uncultured_bacterium		Ruminococcus
ASV240	67ca28ffc8c123fb55b666b894beda8b	3.00888305559596e-05	0.0015345303583539	d__Bacteria; p__Firmicutes; c__Bacilli; o__Lactobacillales; f__Streptococcaceae; g__Streptococcus; s__Streptococcus_sp.	Streptococcus_sp.	Streptococcus
ASV241	ca647fe90e501808421954e5fbf9faa6	2.84565307091238e-05	0.0014512830661653	d__Bacteria; p__Firmicutes; c__Clostridia; o__Peptostreptococcales-Tissierellales; f__Peptostreptococcaceae; g__Peptostreptococcus		Peptostreptococcus
ASV242	3aff0c61231473669fac5d530978d704	2.82853996827994e-05	0.0014425553838227	d__Bacteria; p__Proteobacteria; c__Alphaproteobacteria; o__Rhodospirillales; f__uncultured; g__uncultured; s__uncultured_bacterium		
ASV243	efdaf684c281703243f136e2fbd9dad9	2.82853996827994e-05	0.0014425553838227	d__Bacteria; p__Bacteroidota; c__Bacteroidia; o__Bacteroidales; f__Bacteroidaceae; g__Bacteroides; s__uncultured_bacterium		Bacteroides
ASV244	547ed9d63f007845c48db64ef3e5aab6	2.80008434820287e-05	0.0013395157135497	d__Bacteria; p__Bacteroidota; c__Bacteroidia; o__Bacteroidales; f__Bacteroidaceae; g__Bacteroides; s__uncultured_bacterium		Bacteroides
ASV245	9102083b7d43abf22722136e735f364d	2.79157129865177e-05	0.0014237013623124	d__Bacteria; p__Firmicutes; c__Negativicutes; o__Veillonellales-Selenomonadales; f__Veillonellaceae; g__Veillonella; s__uncultured_bacterium		Veillonella
ASV246	a730ef0685ea600be854be1842a6b362	2.78600633282673e-05	0.0014208632297416	d__Bacteria; p__Bacteroidota; c__Bacteroidia; o__Bacteroidales; f__Marinifilaceae; g__Odoribacter		Odoribacter
ASV247	d32e579b3ae7b2aae8d5bf9f027c29af	2.70678983985064e-05	0.0013804628183238	d__Bacteria; p__Proteobacteria; c__Gammaproteobacteria; o__Burkholderiales; f__Comamonadaceae; g__Delftia		Delftia
ASV248	6faf025d61e54fb3be2f52bd61ad7d78	2.62650139911709e-05	0.0013395157135497	d__Bacteria; p__Proteobacteria; c__Gammaproteobacteria; o__Burkholderiales; f__Hydrogenophilaceae; g__Tepidiphilus; s__uncultured_bacterium		Tepidiphilus
ASV249	1636df577567be4aadea8383b4af2b86	2.62650139911709e-05	0.0013395157135497	d__Bacteria; p__Bacteroidota; c__Bacteroidia; o__Bacteroidales; f__Muribaculaceae; g__Muribaculaceae; s__uncultured_bacterium		Muribaculaceae
ASV250	6d5311cf0b1d8ddb24f34e715dd836e2	2.62650139911709e-05	0.0013395157135497	d__Bacteria; p__Bacteroidota; c__Bacteroidia; o__Bacteroidales; f__Rikenellaceae; g__Rikenellaceae_RC9_gut_group; s__uncultured_bacterium		Rikenellaceae_RC9_gut_group
ASV251	5dee1c1031db4105a856d97002446e9e	2.62117472313842e-05	0.0013367991088005	d__Bacteria; p__Proteobacteria; c__Gammaproteobacteria; o__Enterobacterales; f__Enterobacteriaceae; g__Enterobacter		Enterobacter
ASV252	ac058cb1f056caa6db5043dc27ea312f	2.59292933263854e-05	0.0013223939596456	d__Bacteria; p__Firmicutes; c__Clostridia; o__Peptostreptococcales-Tissierellales; f__Peptostreptococcaceae; g__Terrisporobacter; s__uncultured_bacterium		Terrisporobacter
ASV253	33518e48b174ac428cb7be1a216c6c6e	2.44311635533056e-05	0.0006661354997975	d__Bacteria; p__Firmicutes; c__Clostridia; o__Lachnospirales; f__Lachnospiraceae; g__Anaerostipes; s__uncultured_bacterium		Anaerostipes
ASV254	683a346bb82bd33ac883ce35b84a3215	2.42922978840329e-05	0.0012389071920856	d__Bacteria; p__Firmicutes; c__Clostridia; o__Lachnospirales; f__Lachnospiraceae; g__Lachnoclostridium		Lachnoclostridium
ASV255	2a5b39e31336d58c18cb7dd787580020	2.42446282995424e-05	0.0012364760432766	d__Bacteria; p__Firmicutes; c__Clostridia; o__Peptostreptococcales-Tissierellales; f__Peptostreptococcales-Tissierellales; g__Finegoldia; s__uncultured_bacterium		Finegoldia
ASV256	ee2c515327df79991a9d006a62a0f8f2	2.42446282995424e-05	0.0012364760432766	d__Bacteria; p__Firmicutes; c__Bacilli; o__Bacillales; f__Bacillaceae; g__Geobacillus; s__Geobacillus_stearothermophilus	Geobacillus_stearothermophilus	Geobacillus
ASV257	732f61386b8757029b0891b0ddde928f	2.42446282995424e-05	0.0012364760432766	d__Bacteria; p__Actinobacteriota; c__Actinobacteria; o__Actinomycetales; f__Actinomycetaceae; g__Actinomyces; s__uncultured_bacterium		Actinomyces
ASV258	e335f74033bc634af43ee6baa84fa247	2.41425356974477e-05	0.0009745401388719	d__Bacteria; p__Firmicutes; c__Clostridia; o__Peptostreptococcales-Tissierellales; f__Peptostreptococcaceae; g__Romboutsia; s__uncultured_bacterium		Romboutsia
ASV259	dfba942f2d36cb6b7755f9c3b6d01ac9	2.40944717465547e-05	0.0012288180590742	d__Bacteria; p__Firmicutes; c__Clostridia; o__Clostridiales; f__Clostridiaceae; g__Clostridium_sensu_stricto_1; s__uncultured_bacterium		Clostridium_sensu_stricto_1
ASV260	054e105d6db84faf653a0fc8bbecffa5	2.39544469738373e-05	0.0012216767956657	d__Bacteria; p__Bacteroidota; c__Bacteroidia; o__Bacteroidales; f__Prevotellaceae; g__Prevotella; s__uncultured_bacterium		Prevotella
ASV261	8795c5a86013864dc11f24b89e8cdd8c	2.30895947935352e-05	0.0011775693344703	d__Bacteria; p__Bacteroidota; c__Bacteroidia; o__Bacteroidales; f__Rikenellaceae; g__Alistipes		Alistipes
ASV262	7716b53fe3d8be5413a8685310379e4d	2.26686918899015e-05	0.0011561032863849	d__Bacteria; p__Firmicutes; c__Clostridia; o__Peptostreptococcales-Tissierellales; f__Peptostreptococcaceae; g__Intestinibacter; s__uncultured_bacterium		Intestinibacter
ASV263	dffd48b1005574979781e104156691c1	2.2652574855694e-05	0.0011552813176403	d__Bacteria; p__Bacteroidota; c__Bacteroidia; o__Bacteroidales; f__Prevotellaceae; g__Paraprevotella; s__uncultured_bacterium		Paraprevotella
ASV264	d5e94b36ce9cd48d3998cac0bd4784e5	2.22242426079139e-05	0.0011334363730036	d__Bacteria; p__Bacteroidota; c__Bacteroidia; o__Flavobacteriales; f__Weeksellaceae; g__Moheibacter; s__uncultured_bacterium		Moheibacter
ASV265	e718da31ecd1bc62bb766ad295160e9b	2.09678405745188e-05	0.0010693598693004	d__Bacteria; p__Bacteroidota; c__Bacteroidia; o__Bacteroidales; f__Prevotellaceae; g__Alloprevotella; s__uncultured_bacterium		Alloprevotella
ASV266	36662cbeb454aeef8ee3106ffe174b16	2.04174207344012e-05	0.0010412884574544	d__Bacteria; p__Bacteroidota; c__Bacteroidia; o__Bacteroidales; f__Bacteroidaceae; g__Bacteroides; s__uncultured_bacterium		Bacteroides
ASV267	9b807896f1847bf9a0b9455163344933	2.02038569162853e-05	0.0010303967027305	d__Bacteria; p__Firmicutes; c__Clostridia; o__Oscillospirales; f__Ruminococcaceae; g__Ruminococcus; s__uncultured_bacterium		Ruminococcus
ASV268	2367469573a92deca1f80608b6fa8db4	2.01536100963828e-05	0.0010278341149155	d__Bacteria; p__Firmicutes; c__Bacilli; o__Staphylococcales; f__Staphylococcaceae; g__Staphylococcus		Staphylococcus
