new_id	asv_hash	mean_rel_abund	max_rel_abund	n_samples_pos	pct_samples
ASV001	d46e2205f0c6ecf67b51f83d111c509c	0.18470079933573	0.973860017090033	42	0.823529411764706
ASV002	c939ee112ba982665e012437dae05c1e	0.138400031194123	0.993350948626873	19	0.372549019607843
ASV003	945184b6386c192c0066e0a98a154780	0.116266299216705	0.976596184880208	29	0.568627450980392
ASV004	82dece6e35540738ba450a0c3a90b5a0	0.0437234688169815	0.968733740125822	23	0.450980392156863
ASV005	9908fffab7ed4f3bec44cda2f5084d49	0.0351536463071109	0.904955670730802	37	0.725490196078431
ASV006	65d43491988bfe557da4d86a5ba25dae	0.0342749921214101	0.598752466424798	51	1
ASV007	3481fa43fe5fba6aecdc7f9aae6ed9c0	0.0290736442845497	0.84970105961049	16	0.313725490196078
ASV008	2740cf2417c92847cc298cbd71dd1fcd	0.0259071437491112	0.848799433303207	19	0.372549019607843
ASV009	4d72007c70f4abc0bf9e8fe8b826d07d	0.0243062633581146	0.90489063652003	5	0.0980392156862745
ASV010	35ffcc3b809d667286737d79670b8de5	0.0218632593259997	0.374853286384977	17	0.333333333333333
ASV011	394eda29c886632f514dd94b58381186	0.0217971827521933	0.849773242630385	19	0.372549019607843
ASV012	fd496fd32dc8c08ade2e8b6c9d8ee13d	0.0216710949391025	0.521200904167362	16	0.313725490196078
ASV013	c24e0e391aa836b5eae25567c7eb89ee	0.019924639667881	0.499182390831402	14	0.274509803921569
ASV014	2c982937754e6321f861027032db80f7	0.0194610670461272	0.642450279976829	14	0.274509803921569
ASV015	99deb3c5ecb022ec05609ebd1112a557	0.0176919306960492	0.457552988673321	10	0.196078431372549
ASV016	a3f9df4186a4f00562674fb08daca5d4	0.0172043805094315	0.877423405981005	1	0.0196078431372549
ASV017	923f521b9cf313f1f95c9367e09bbc1c	0.0161786365756693	0.57482086965519	14	0.274509803921569
ASV018	9580aa8a52ec18a4e92e701cdb595faa	0.0147249404634664	0.555858310626703	14	0.274509803921569
ASV019	19a36b16af23deb4230ba84ab6f02f01	0.0120116879867199	0.611653069277855	4	0.0784313725490196
ASV020	5a6c87d6a4eb5e114959f6192f29b641	0.0114453888765657	0.300792831859563	6	0.117647058823529
ASV021	cd9401a6bce4a63af516d06d2a843f9d	0.0104301104979665	0.266218148725949	11	0.215686274509804
ASV022	d8e7f9181e4d5a4a6453e9ca9996a43f	0.0101405748795377	0.511752875369241	4	0.0784313725490196
ASV023	315ca0a729f126b941ba111a16d4d97a	0.0101207434503596	0.402098976565214	6	0.117647058823529
ASV024	0df6c802966e8670279671824da4f10a	0.00933898968232119	0.273912305220674	4	0.0784313725490196
ASV025	a663a01aeb4dbb88bbe0a9840e8f64dc	0.00907523766447608	0.263359527353712	9	0.176470588235294
ASV026	61d3681d1e82fd381aaa278aa83a82af	0.00779746832155115	0.383361975685825	3	0.0588235294117647
ASV027	836cd5ea357ad392c00a7e48d921be1d	0.00594398827376039	0.245560286634126	7	0.137254901960784
ASV028	06f825b512d903b9230e1a55d87359ee	0.00552907902091801	0.211438474870017	14	0.274509803921569
ASV029	3bae00d865b43e800a6f297f958ac2de	0.00533967350860486	0.153882476390346	4	0.0784313725490196
ASV030	c1d9eada909d2d5dbe078f25f1038508	0.00462815376133982	0.209000445566612	19	0.372549019607843
ASV031	f4801b7a68515d9005fa572ee6afdf41	0.00460105070899487	0.211762958562305	20	0.392156862745098
ASV032	fd44d4cb468fd7dc9b3227867714ed87	0.00395585662623532	0.0778551436958154	10	0.196078431372549
ASV033	3b94c19ef326eea0918e1c3d244c999c	0.00311397936462519	0.112183027714363	5	0.0980392156862745
ASV034	2c5e87b291147c04e1b8d1c808b1aee0	0.00298318851645442	0.0995937879599274	7	0.137254901960784
ASV035	2b5bec278da36785c94d3bd29b8b3116	0.00263387439510726	0.13432759415047	1	0.0196078431372549
ASV036	d509a9b999e826dc5f7982d3b443a791	0.00255708415600994	0.130411291956507	1	0.0196078431372549
ASV037	99bccd58aaeb00f98e22add40be6e36b	0.00250574540701163	0.123750864182012	7	0.137254901960784
ASV038	818434292143daca42a3168f3728da82	0.0024830879793464	0.06913961875322	2	0.0392156862745098
ASV039	8e0b59327dc32a46942dca607203fd92	0.00232583080658441	0.118617371135805	1	0.0196078431372549
ASV040	8d8dbe9e155a2dfca1499f46361d4a4a	0.00193456938517015	0.0986630386436776	1	0.0196078431372549
ASV041	9664cae1104ed11cba60a2552c35cae7	0.00189700224265992	0.0967471143756558	1	0.0196078431372549
ASV042	5673ae66819e3bdbbc09461e4959159e	0.00185450471744427	0.0945797405896578	1	0.0196078431372549
ASV043	5e4fb7ce13c6ec3756d7f4b8f4e4a5dc	0.00180422117279757	0.0920152798126762	1	0.0196078431372549
ASV044	76b39e86c95e0c7dd8b9c57b974f6532	0.00175281492871922	0.0644639762147795	3	0.0588235294117647
ASV045	675c847bccbc53942ebb7b8cbb4efc4d	0.00173858149487733	0.0803341020454234	5	0.0980392156862745
ASV046	878fc53ff6f6333a92673b700951fa1b	0.00167567331814514	0.0769677111065602	4	0.0784313725490196
ASV047	8343cf4c26bb977e05e4d9c5125441ef	0.00162796362998746	0.0830261451293604	1	0.0196078431372549
ASV048	edc9e5c16e40aff1eadce6597940f08f	0.00153188622829299	0.0195601635357935	10	0.196078431372549
ASV049	d900eb33f6b4bc449aab64df16ae18b2	0.00151101682700314	0.0768772307207497	2	0.0392156862745098
ASV050	76a2a89fb35336e7b117fc44ff915092	0.00150949332367962	0.0579923832668968	4	0.0784313725490196
ASV051	d6efd2da2728fd74ded268122ee05036	0.00148857746649297	0.0554353426069037	5	0.0980392156862745
ASV052	f5f5e0da89730462abaf6301a9557193	0.00140807853099248	0.0366821226172076	4	0.0784313725490196
ASV053	b15193fce14759d1c06728933e044af6	0.00126799827110542	0.0304493130337913	12	0.235294117647059
ASV054	6ba43acb03ae795b3e7e31f2be946006	0.0012432560594685	0.00917053065430191	17	0.333333333333333
ASV055	ad9b44d88a18bbff3f5238c0c051e11b	0.00120033051256613	0.0514495305164319	11	0.215686274509804
ASV056	8bafedeb678c6cb11deef4768047bfc7	0.00119718627205587	0.0610564998748492	1	0.0196078431372549
ASV057	b78e348dfb22815a4db4373d02d70631	0.00118022681579589	0.0363560384454659	2	0.0392156862745098
ASV058	aa9b3a1418d146c262ec63305292065a	0.0011673378792784	0.0547749888608347	6	0.117647058823529
ASV059	ab73468ad42ceb405a9127db33cb262c	0.00114796636675143	0.0585462847043229	1	0.0196078431372549
ASV060	ee5dfec95f34d576e901aa22c8df495b	0.00110470471109975	0.0563399402660874	1	0.0196078431372549
ASV061	5f8d35126b0a7321413d21487ec72b73	0.0011023642707401	0.0553917282871242	4	0.0784313725490196
ASV062	8612a638846acf832935cb932a1f0398	0.00104251901688032	0.0531684698608964	1	0.0196078431372549
ASV063	9d5054752ed33d6a22bd0f96b5618b1c	0.000886190607402129	0.020661251052404	6	0.117647058823529
ASV064	db419e9201dca426b1b048c97d4c50d5	0.000875812216306509	0.044666423031632	1	0.0196078431372549
ASV065	13fb78ba7bdab6baea8f2a088d3e6405	0.000865635609688463	0.0437103563666624	4	0.0784313725490196
ASV066	09e996f449e880d1fd8f27d59e8d8b11	0.000848743106280634	0.0380915479785159	3	0.0588235294117647
ASV067	195a54476a1802d75e0e773601fe964b	0.000838460062025841	0.0427614631633179	1	0.0196078431372549
ASV068	4fba6fef450158c1bd1cbcb5a0e8f5e5	0.000833358493417589	0.0423160513281309	2	0.0392156862745098
ASV069	08bd43071a06abf56df235fca6655bea	0.000800373322623275	0.0206438928483657	4	0.0784313725490196
ASV070	59777186ad2e0947e97615b5d6225136	0.000750525038884592	0.0266872746007213	3	0.0588235294117647
ASV071	c67445ed68d61f49e41b7bdd1de019fb	0.000725803630704871	0.036354300088852	4	0.0784313725490196
ASV072	95fdd816723ca482a5caba10bea171c8	0.00072321596907994	0.0368840144230769	1	0.0196078431372549
ASV073	9acb555d3c5dd77e9035a661e7ad1bb6	0.00071353043067796	0.0240590384916177	7	0.137254901960784
ASV074	1d49df56b83a383d8b998af9d148f52c	0.000701401539323061	0.0189495305164319	9	0.176470588235294
ASV075	4cbfff144d4e7a4e0f4619ed505be070	0.000668023218684118	0.0280985915492958	2	0.0392156862745098
ASV076	8400dd8baa70ab70f07c34b0d0024559	0.000649147111148141	0.0306549829199465	7	0.137254901960784
ASV077	205f8255db56fbbc2c5999ed97063cab	0.000580011676865964	0.0295805955201641	1	0.0196078431372549
ASV078	263e41ea2c25dc87bd2ff5910cf30d40	0.000554975831729324	0.016795466254508	4	0.0784313725490196
ASV079	2c6a6015a325f35c1a5c8ce7a44a5e3c	0.00054560037679692	0.0243834005825295	2	0.0392156862745098
ASV080	5c4563e3dd7e12dcdf279783af929eaa	0.000539710325206428	0.0162802679031427	4	0.0784313725490196
ASV081	173c825a18291f2ba18b5e46d9db8408	0.000511299646498529	0.0253145834755501	2	0.0392156862745098
ASV082	0920dcf0f62fb2b3ab9e32f1c4edec37	0.00045838029255962	0.0233773949205406	1	0.0196078431372549
ASV083	3021d76e2788a9eadc2e9f2043cb6e58	0.00042886618067644	0.0218721752144985	1	0.0196078431372549
ASV084	21401b105dc53b367b8fdc0ec97a9f02	0.000418301531462848	0.0194762045035726	6	0.117647058823529
ASV085	c6c3ab4e828fb40d6e05967b7aac9338	0.000404261309768429	0.0117465224111283	8	0.156862745098039
ASV086	735cb9abbbc8ff2b5b354be608a3a869	0.000397827904387236	0.0188049656420553	3	0.0588235294117647
ASV087	7574d888a430bd2cee722ff7d9759fea	0.000396222190799397	0.0202073317307692	1	0.0196078431372549
ASV088	696f01399a07ab9ab9c38f3c9499531d	0.000396066086455569	0.020199370409234	1	0.0196078431372549
ASV089	748c5f14c648b743ad9e4b5ebfd761ff	0.000390751821818244	0.0199283429127304	1	0.0196078431372549
ASV090	77899213845055b1effd51c039de7163	0.000388210648083842	0.0197987430522759	1	0.0196078431372549
ASV091	6420671c26eef32065e0275c8cd6701e	0.000366351672070559	0.0153286384976526	7	0.137254901960784
ASV092	33deb57a51743c338407d5c7e9b6f5fd	0.000363010106569396	0.0185135154350392	1	0.0196078431372549
ASV093	d676e025fb7484f8c8f79dc642805d70	0.000361284981516121	0.00349236562254314	10	0.196078431372549
ASV094	21ec4d257421a662572a9f652d68b938	0.000339424796193593	0.0173106646058733	1	0.0196078431372549
ASV095	3f2cff93d09fe5deb3299fe7ffa1b610	0.000335370244635105	0.0171038824763903	1	0.0196078431372549
ASV096	9a76c2c2904fcae623e236b6818a712e	0.000307573101726378	0.0154069588211519	3	0.0588235294117647
ASV097	ed0b2c436e0aa37c7501df9927eca476	0.000291765876627757	0.00731581658938691	3	0.0588235294117647
ASV098	0e2e91fba1ca9ed7de2d11ea4786c914	0.00026997891273148	0.0130054128673666	4	0.0784313725490196
ASV099	e0cbdf14b6d897fcc543bcda30ecab1a	0.000266344249943051	0.0135835567470956	1	0.0196078431372549
ASV100	cc761daf51f27c423da57f3f1f0ff5cc	0.000253323149623261	0.012848384181343	2	0.0392156862745098
ASV101	fd98346394a5c79e554003012cb33826	0.000251565880297494	0.00793405461102525	4	0.0784313725490196
ASV102	209b0f9c375da503e050c43a24e70855	0.000234016286105768	0.0119348305913942	1	0.0196078431372549
ASV103	85c44c83eddc5d3028261a1000b7d0e1	0.000230605514329569	0.0105483258958395	8	0.156862745098039
ASV104	212b507f9f406b224c67078af6734482	0.000228707486004487	0.0116640817862289	1	0.0196078431372549
ASV105	421cbd1d71d34704c6d53377261e213c	0.000208943459206026	0.0105100463678516	2	0.0392156862745098
ASV106	c75252624b875074e554649d64e309ab	0.000207209942222158	0.0105677070533301	1	0.0196078431372549
ASV107	69ccef26c95cc31652790c1c4c35dfe2	0.00020569539768818	0.0104904652820972	1	0.0196078431372549
ASV108	27f098662c8f87b4aaff903d9c0f28d3	0.000201703799070336	0.00721277691911386	3	0.0588235294117647
ASV109	1b8dec58597978264025b9eba656ffb5	0.000197997797779596	0.0100978876867594	1	0.0196078431372549
ASV110	333bbf9224442fc10cd497377d2b1d01	0.00019725032175342	0.00932675414003215	2	0.0392156862745098
ASV111	46716caed3b0e69ca78886788015d968	0.000191438916601857	0.00924882629107981	2	0.0392156862745098
ASV112	cf75ad4f2d4d882b28ad47ccb4f712d1	0.000188743593696711	0.00962592327853229	1	0.0196078431372549
ASV113	b601b2ea2b069de7516ec6135c79ee29	0.000182981850137579	0.00441981661059437	6	0.117647058823529
ASV114	821130ba72e86c335c55c269f31db0d0	0.000180350036207713	0.00811315442407718	2	0.0392156862745098
ASV115	b848e1599bf7ab43f3c28504c291d9d3	0.000177974884470171	0.00856807511737089	2	0.0392156862745098
ASV116	2e4f2b53b856c4def6d021d01f5abb70	0.00017777888010967	0.00638845955692942	3	0.0588235294117647
ASV117	9c4d4b6d306824a963a9ea03bf5ed140	0.000176754829109132	0.00901449628456572	1	0.0196078431372549
ASV118	6dbbc45b73ff99a9206b46a6687d9e79	0.000176251543140844	0.00846244131455399	2	0.0392156862745098
ASV119	e3055f1b3a2ef5ffe239567f02e0e758	0.00017531706917771	0.00874164001163129	2	0.0392156862745098
ASV120	98733e7d335f309921890faeea796c8c	0.000170665614540173	0.00499451821171885	2	0.0392156862745098
ASV121	caea322863a57bb2b14c7317fa120dc4	0.000163915250788559	0.00566718186501803	3	0.0588235294117647
ASV122	db49c9326687071f8b4d0851a2833629	0.000163880923531547	0.00808098591549296	2	0.0392156862745098
ASV123	35cbb315e019e0a8768d4b73862df415	0.000163246210348846	0.00432766615146832	6	0.117647058823529
ASV124	1902045fa7900495d421b8a8f308eb85	0.000161861789374694	0.00825495125810938	1	0.0196078431372549
ASV125	21a5f035ee23a6b58a9fc3c96908bbd7	0.000161709571282834	0.00824718813542452	1	0.0196078431372549
ASV126	05b2cb29d088f6a3316dcd5721fb732a	0.000159591887764653	0.00708120636455415	2	0.0392156862745098
ASV127	e48e3b3d89c48e5958ad6d5d72ebba81	0.000158645619681122	0.00809092660373724	1	0.0196078431372549
ASV128	28fc5b4c98e618c2d8b58303c777ae23	0.000153549312563768	0.00783101494075219	1	0.0196078431372549
ASV129	a868201429067d69e423117dcd041d33	0.000150821780228154	0.00745842536484315	4	0.0784313725490196
ASV130	f1c14db955660c59d2d2ac233bb9bac8	0.000142441249840383	0.00630304685188978	2	0.0392156862745098
ASV131	b4d07c2a22af0c99c73cf9722200d878	0.000134613210354459	0.00628541988665636	2	0.0392156862745098
ASV132	f8a5e31abd123fe502965a7d6884cfd7	0.000133345455647483	0.00680061823802164	1	0.0196078431372549
ASV133	b31b66c7b9278a267be1e80022ef5631	0.000131062505326157	0.00668418777163401	1	0.0196078431372549
ASV134	da6a7cba87e0895b9cbe6037b9bd8b3b	0.000127284298572598	0.00649149922720247	1	0.0196078431372549
ASV135	9e3e61ab8f8501e49dfd6f9a0af91d14	0.000121645115266639	0.00615695252179106	2	0.0392156862745098
ASV136	0c579d21280801f02a641e1608606927	0.000121447054181171	0.0039155074703761	3	0.0588235294117647
ASV137	7759604db6eb1f89e430cab74dcbc5df	0.000121223141497712	0.00618238021638331	1	0.0196078431372549
ASV138	cc5602dc31168a60e21718aa480589d9	0.000121223141497712	0.00618238021638331	1	0.0196078431372549
ASV139	7d135dfbf857c62673695ef24332b100	0.000120759554301223	0.0028391630815274	5	0.0980392156862745
ASV140	e5c19d7800b18015f3a917fc015fc42f	0.000119202755806083	0.00607934054611025	1	0.0196078431372549
ASV141	b0e43560b16528c07ae400cbe97dbf7f	0.000117182370114455	0.0059763008758372	1	0.0196078431372549
ASV142	22b3c70cdfb1714224e1bf8a6314bee9	0.000115926871206812	0.00244571786085003	9	0.176470588235294
ASV143	9639a3291729a3758207b47715d9205f	0.000110960508663965	0.00239574450806026	4	0.0784313725490196
ASV144	df14354ec277348c54d0c9dd49eb4da0	0.000110896603011297	0.00549311921529398	4	0.0784313725490196
ASV145	6158f711f8b2415c568d5da73cfa04b4	0.000107080441656312	0.00546110252447192	1	0.0196078431372549
ASV146	6db169339ee5897780e713c44784d74a	0.000105060055964684	0.00535806285419887	1	0.0196078431372549
ASV147	00a96fbd0ac34bfd245f9c24f8737f7d	0.000103946012938743	0.0050489438433797	2	0.0392156862745098
ASV148	8d35d777e6abf2644eb139cf26bf2cbc	0.000103321761511272	0.00515928475333394	2	0.0392156862745098
ASV149	c48070f3061b086b60ff32f77e0002fa	0.000101807206689918	0.00491330653347951	2	0.0392156862745098
ASV150	1926880b82ebdbed3f994a5cab4598ef	9.28962300977047e-05	0.00473770773498294	1	0.0196078431372549
ASV151	8012da7c810e58147175f741af2a78d2	8.88969704316554e-05	0.00453374549201443	1	0.0196078431372549
ASV152	8d1761da3df16fe43e34eea0112ba8fd	8.73113386668472e-05	0.00445287827200921	1	0.0196078431372549
ASV153	8e09caaee61bd482522f087e96e093de	8.64579373942527e-05	0.0029881504379186	2	0.0392156862745098
ASV154	0a68ec564e278b0246c920ad7de41880	8.36267698735027e-05	0.00410118975108621	2	0.0392156862745098
ASV155	b022b5312f30be684bdd2cc66030dea5	8.34393025574605e-05	0.00425540443043048	1	0.0196078431372549
ASV156	545897c06d99e94bc65d6bab8099d98a	7.52554542943938e-05	0.00383802816901408	1	0.0196078431372549
ASV157	9e1f282914b07cd79711ce21e7cf4aff	7.43539027474695e-05	0.0020607934054611	3	0.0588235294117647
ASV158	0dcf5023e96fb8175d7bf02d900c9dd1	7.19328903596902e-05	0.00288511076764554	2	0.0392156862745098
ASV159	3ebe761bfb1238c87195d431f41bf976	7.14630743980282e-05	0.00210817097993603	2	0.0392156862745098
ASV160	a2d300d1e9c621dbc5239cc092d433c3	7.07134992069986e-05	0.00360638845955693	1	0.0196078431372549
ASV161	f725c280e0de2c4d75f7def4862ec9b3	7.07134992069986e-05	0.00360638845955693	1	0.0196078431372549
ASV162	8b194fafb8ddf32495915cd5cd046afa	7.00649773045207e-05	0.00357331384253056	1	0.0196078431372549
ASV163	601101d33cdf43a40bd674a50711af52	6.87518334172172e-05	0.00251756202541926	4	0.0784313725490196
ASV164	7f1556167c64b1b45c70bf2dc77c4074	6.86931135153701e-05	0.00350334878928387	1	0.0196078431372549
ASV165	45c80843dac191f771b11018ff90d94c	6.76763985327757e-05	0.00345149632517156	1	0.0196078431372549
ASV166	1b23e74fb43b2b8a2d20b91679cf8e0e	6.69290881848742e-05	0.00341338349742858	1	0.0196078431372549
ASV167	e865f29a716e8d51f83931befa951240	6.48523266560585e-05	0.00154302188654729	3	0.0588235294117647
ASV168	3d675bc2e3ca7ae2dbd80044122f82b0	6.46596485344522e-05	0.00329764207525706	1	0.0196078431372549
ASV169	e603a72ebbc7a4fcb5a657b52c3e8c50	6.4652342132113e-05	0.00329726944873776	1	0.0196078431372549
ASV170	e367dacc4cf58de7164775e5899d4ab2	6.37156286858447e-05	0.00226687274600721	3	0.0588235294117647
ASV171	d829bee4984f82ffc2453212157caf96	6.34859617395153e-05	0.00323778404871528	1	0.0196078431372549
ASV172	88ed46631bcc4e61133318d13fa97a7d	6.26319564404845e-05	0.00319422977846471	1	0.0196078431372549
ASV173	948cadc1d282b8b41c73e208b1c7c9b9	6.26319564404845e-05	0.00319422977846471	1	0.0196078431372549
ASV174	782a79a0725adc6ac22fc1fd15933a12	5.78715468834321e-05	0.0026912300426259	5	0.0980392156862745
ASV175	c67ba62f34a05261ea7a810ff643a52c	5.67028430805521e-05	0.00289184499710815	1	0.0196078431372549
ASV176	a3d84e3dd01bf64f4bf18d315070db0d	5.65707993655989e-05	0.00288511076764554	1	0.0196078431372549
ASV177	e4e14a1ee98cb07be095fd3da22a9eb5	5.65707993655989e-05	0.00288511076764554	1	0.0196078431372549
ASV178	51d4f17b8dda9f7d972bf3dd0ecc4e59	5.64114625596297e-05	0.00257599175682638	2	0.0392156862745098
ASV179	edf42f357f8934fc004c334c5c7b5e6e	5.50855095938032e-05	0.001713003333053	2	0.0392156862745098
ASV180	bf611493002f5918a68778bde2def567	5.38797026422897e-05	0.00274786483475678	1	0.0196078431372549
ASV181	2ef1e51ab1cf99a3c6417b05a060830e	5.3783257263768e-05	0.00265117521733471	2	0.0392156862745098
ASV182	08f3c5f0bdb1cf7b18caed19b35d455b	5.35844814682148e-05	0.00273280855487895	1	0.0196078431372549
ASV183	c84d13308b8608a006759b82fcb5e4ac	5.23506076912958e-05	0.0020607934054611	2	0.0392156862745098
ASV184	6b5c5532185593c41966b2173ea9df1c	5.17002129777264e-05	0.00263671086186404	1	0.0196078431372549
ASV185	eae880eaa9c99650e399d9b4eb5dd3b0	5.11659735264156e-05	0.00253521126760563	2	0.0392156862745098
ASV186	8e175abe6a746b8f33bae9cd7c8192bb	5.07414411373046e-05	0.00125390211726597	5	0.0980392156862745
ASV187	918788cced4ac288f245ec7fa199069d	5.05096422907133e-05	0.00257599175682638	1	0.0196078431372549
ASV188	db2b55faf009ff5367871365b5b99e40	5.05096422907133e-05	0.00257599175682638	1	0.0196078431372549
ASV189	ca9c66d47347c03d0343d6fe03ed8636	5.02993597834613e-05	0.00256526734895652	1	0.0196078431372549
ASV190	332a6411ff00b4010ac2397f504c4695	5.02250860899425e-05	0.00247295208655332	2	0.0392156862745098
ASV191	7d78ed99b08bd1723065fdd795d17e9c	4.96181065570038e-05	0.00132239395964566	4	0.0784313725490196
ASV192	59ba9f240cb3decca65cc0d6ac0c6e04	4.9028674789845e-05	0.00250046241428209	1	0.0196078431372549
ASV193	864267f12bedace19272af56224498c7	4.84892565990848e-05	0.00247295208655332	1	0.0196078431372549
ASV194	e0f7bdf2974c6f61534b16e0886f6670	4.84892565990848e-05	0.00247295208655332	1	0.0196078431372549
ASV195	77ba014786678739b81437090e5ad615	4.84892565990848e-05	0.00247295208655332	1	0.0196078431372549
ASV196	03611620d314bc7305dd6eef2572258a	4.81883586563158e-05	0.00245760629147211	1	0.0196078431372549
ASV197	5d5f9ea96902c7e15830ff9763324c68	4.76359872980945e-05	0.00242943535220282	1	0.0196078431372549
ASV198	d7348b86110af99c20176a0c0aa0697a	4.73969940240769e-05	0.0020607934054611	2	0.0392156862745098
ASV199	6ec1023583647a401269990c4e8ad716	4.72629186787334e-05	0.0020607934054611	4	0.0784313725490196
ASV200	16b70d80375953c562b16a30c17bab75	4.64688709074562e-05	0.00236991241628027	1	0.0196078431372549
ASV201	da2000d6101200967a7366901caf1b16	4.64688709074562e-05	0.00236991241628027	1	0.0196078431372549
ASV202	9bb276530d60c2d320b7fd8bc8cf8613	4.44484852158277e-05	0.00226687274600721	1	0.0196078431372549
ASV203	776c7a9c58e35bae792217b0f6daa75c	4.44484852158277e-05	0.00226687274600721	1	0.0196078431372549
ASV204	9911d26664d0f09b184c8548c27180dc	4.39164861187018e-05	0.00223974079205379	1	0.0196078431372549
ASV205	6851a4ee264b56be2fff4686ce269907	4.39032029299499e-05	0.00164863472436888	3	0.0588235294117647
ASV206	96cf4779be686036f92ee15e58b72d52	4.37051123623635e-05	0.00218219804443185	2	0.0392156862745098
ASV207	81d7a6a6b56f42274f9675991c1d8cbd	4.3226012313912e-05	0.00220452662800951	1	0.0196078431372549
ASV208	930afe0e90869cb1137f835ea9bcba47	4.25810682421393e-05	0.00217163448034911	1	0.0196078431372549
ASV209	733c36b6c771b507bfe153cd0183fd42	4.24280995241992e-05	0.00216383307573416	1	0.0196078431372549
ASV210	742e1f191223f58590661de80b9d6e3b	4.22061530208292e-05	0.00195775373518805	2	0.0392156862745098
ASV211	d9eea834805833ac21a86fdabedd8556	4.06058391196654e-05	0.00207089779510294	1	0.0196078431372549
ASV212	41175466da34bfa5fc95f6ea21fe53ef	4.04077138325706e-05	0.0020607934054611	1	0.0196078431372549
ASV213	6616dc3bd6aeb3e26b9b2218290ea574	3.82861036575836e-05	0.00148725870776694	3	0.0588235294117647
ASV214	4773b79e0f29c6208abc81ea91d5ac54	3.78614126675549e-05	0.0019309320460453	1	0.0196078431372549
ASV215	f98171a83c21fa4e104fa658a6a9064d	3.70321291644972e-05	0.00188863858738936	1	0.0196078431372549
ASV216	c391ee7c6e54a07f16982035dab79842	3.6693721005408e-05	0.00187137977127581	1	0.0196078431372549
ASV217	36d9ad396b85196c9b4cf68b81789585	3.64516681055853e-05	0.00149611143817032	3	0.0588235294117647
ASV218	3350b1be35fed93ddf7b94d0101c4fe9	3.63669424493136e-05	0.00185471406491499	1	0.0196078431372549
ASV219	c5ec23b5e73a33133aa0fcf9acd58650	3.63669424493136e-05	0.00185471406491499	1	0.0196078431372549
ASV220	938eea2f58fe4aef7d8a8e4888d18692	3.63669424493136e-05	0.00185471406491499	1	0.0196078431372549
ASV221	84823877242506713c7e88586765a38a	3.63669424493136e-05	0.00185471406491499	1	0.0196078431372549
ASV222	db7f42d2a4ded289e177bb4c00edff61	3.6344853723064e-05	0.00175726698506987	2	0.0392156862745098
ASV223	208c0c43c7c5d4a6bb549e0c8365cd21	3.48709127910768e-05	0.00112872312643027	2	0.0392156862745098
ASV224	1a314514be3c0bf8f80e9cbe7e4974fc	3.47285485868018e-05	0.00123647604327666	2	0.0392156862745098
ASV225	0eed6ff247348d5f4b955f7d254a4956	3.4346556757685e-05	0.00175167439464194	1	0.0196078431372549
ASV226	978fa6106c8663cdf9286b801ea02ce8	3.39842595118651e-05	0.00173319723510512	1	0.0196078431372549
ASV227	bd6cf3f5a66cefd7b96fb6cf75d23cd2	3.35071558989375e-05	0.001642181489826	2	0.0392156862745098
ASV228	7fb08fa9b7b2eef6a3db57d0de769227	3.34496626353404e-05	0.00165898443759485	2	0.0392156862745098
ASV229	f3384f1f36a908bd09b3c265bac26f8c	3.30477338594149e-05	0.00168543442683016	1	0.0196078431372549
ASV230	eb5078f3e7fb4dc4a51de4b67f5848ba	3.23261710660565e-05	0.00164863472436888	1	0.0196078431372549
ASV231	929f7e001bad0a6674c260a8cc2e7fca	3.23261710660565e-05	0.00164863472436888	1	0.0196078431372549
ASV232	e8386d3a307c208c4b9f0a756259cd6b	3.22592589998479e-05	0.00128194251995966	2	0.0392156862745098
ASV233	4bd01f90398375480101204bbcdd2ceb	3.18726672171564e-05	0.00152709599458213	3	0.0588235294117647
ASV234	5648dccee530d68ceb3e4d7d22cf8756	3.16979336508825e-05	0.00161659461619501	1	0.0196078431372549
ASV235	df8456a1abbfb4c8a2c450b44378d4cb	3.10195644985996e-05	0.00148900876425334	3	0.0588235294117647
ASV236	278dbede87dc46549f11608c9712d5ff	3.05803717699482e-05	0.00155959896026736	1	0.0196078431372549
ASV237	d66c685805b106dd61ce0863fa1a510b	3.0305785374428e-05	0.00154559505409583	1	0.0196078431372549
ASV238	cbda8d48c44ab0492cce5d1674c7a346	3.0305785374428e-05	0.00154559505409583	1	0.0196078431372549
ASV239	7dbd511ba9967b8d4e0ad7b44b001f7b	3.0305785374428e-05	0.00154559505409583	1	0.0196078431372549
ASV240	67ca28ffc8c123fb55b666b894beda8b	3.00888305559596e-05	0.00153453035835394	1	0.0196078431372549
ASV241	ca647fe90e501808421954e5fbf9faa6	2.84565307091238e-05	0.00145128306616531	1	0.0196078431372549
ASV242	3aff0c61231473669fac5d530978d704	2.82853996827994e-05	0.00144255538382277	1	0.0196078431372549
ASV243	efdaf684c281703243f136e2fbd9dad9	2.82853996827994e-05	0.00144255538382277	1	0.0196078431372549
ASV244	547ed9d63f007845c48db64ef3e5aab6	2.80008434820287e-05	0.00133951571354972	2	0.0392156862745098
ASV245	9102083b7d43abf22722136e735f364d	2.79157129865177e-05	0.0014237013623124	1	0.0196078431372549
ASV246	a730ef0685ea600be854be1842a6b362	2.78600633282673e-05	0.00142086322974163	1	0.0196078431372549
ASV247	d32e579b3ae7b2aae8d5bf9f027c29af	2.70678983985064e-05	0.00138046281832383	1	0.0196078431372549
ASV248	6faf025d61e54fb3be2f52bd61ad7d78	2.62650139911709e-05	0.00133951571354972	1	0.0196078431372549
ASV249	1636df577567be4aadea8383b4af2b86	2.62650139911709e-05	0.00133951571354972	1	0.0196078431372549
ASV250	6d5311cf0b1d8ddb24f34e715dd836e2	2.62650139911709e-05	0.00133951571354972	1	0.0196078431372549
ASV251	5dee1c1031db4105a856d97002446e9e	2.62117472313842e-05	0.00133679910880059	1	0.0196078431372549
ASV252	ac058cb1f056caa6db5043dc27ea312f	2.59292933263854e-05	0.00132239395964566	1	0.0196078431372549
ASV253	33518e48b174ac428cb7be1a216c6c6e	2.44311635533056e-05	0.000666135499797547	2	0.0392156862745098
ASV254	683a346bb82bd33ac883ce35b84a3215	2.42922978840329e-05	0.00123890719208568	1	0.0196078431372549
ASV255	2a5b39e31336d58c18cb7dd787580020	2.42446282995424e-05	0.00123647604327666	1	0.0196078431372549
ASV256	ee2c515327df79991a9d006a62a0f8f2	2.42446282995424e-05	0.00123647604327666	1	0.0196078431372549
ASV257	732f61386b8757029b0891b0ddde928f	2.42446282995424e-05	0.00123647604327666	1	0.0196078431372549
ASV258	e335f74033bc634af43ee6baa84fa247	2.41425356974477e-05	0.00097454013887197	2	0.0392156862745098
ASV259	dfba942f2d36cb6b7755f9c3b6d01ac9	2.40944717465547e-05	0.00122881805907429	1	0.0196078431372549
ASV260	054e105d6db84faf653a0fc8bbecffa5	2.39544469738373e-05	0.0012216767956657	1	0.0196078431372549
ASV261	8795c5a86013864dc11f24b89e8cdd8c	2.30895947935352e-05	0.0011775693344703	1	0.0196078431372549
ASV262	7716b53fe3d8be5413a8685310379e4d	2.26686918899015e-05	0.00115610328638498	1	0.0196078431372549
ASV263	dffd48b1005574979781e104156691c1	2.2652574855694e-05	0.00115528131764039	1	0.0196078431372549
ASV264	d5e94b36ce9cd48d3998cac0bd4784e5	2.22242426079139e-05	0.00113343637300361	1	0.0196078431372549
ASV265	e718da31ecd1bc62bb766ad295160e9b	2.09678405745188e-05	0.00106935986930046	1	0.0196078431372549
ASV266	36662cbeb454aeef8ee3106ffe174b16	2.04174207344012e-05	0.00104128845745446	1	0.0196078431372549
ASV267	9b807896f1847bf9a0b9455163344933	2.02038569162853e-05	0.00103039670273055	1	0.0196078431372549
ASV268	2367469573a92deca1f80608b6fa8db4	2.01536100963828e-05	0.00102783411491552	1	0.0196078431372549
